﻿JobType,SS_JobDescription,JobProfile,start_time,ScheduleHours,day_of_week
Sales Associate,General Manager,General Manager,600,8,1
Sales Associate,General Manager,General Manager,600,8,2
Sales Associate,General Manager,General Manager,600,8,3
Sales Associate,General Manager,General Manager,600,8,4
Sales Associate,General Manager,General Manager,600,8,5
Sales Associate,Assistant Manager,Assistant Manager,1400,8,1
Sales Associate,Assistant Manager,Assistant Manager,1400,8,2
Sales Associate,Assistant Manager,Assistant Manager,1400,8,3
Sales Associate,Assistant Manager,Assistant Manager,600,8,6
Sales Associate,Assistant Manager,Assistant Manager,600,8,7
Food Associate,Food Manager,Food Manager,500,8,1
Food Associate,Food Manager,Food Manager,500,8,2
Food Associate,Food Manager,Food Manager,500,8,3
Food Associate,Food Manager,Food Manager,500,8,4
Food Associate,Food Manager,Food Manager,500,8,5
Food Associate,Store Associate - Food,Store Associate - Food - FT,1230,8,3
Food Associate,Store Associate - Food,Store Associate - Food - FT,1230,8,4
Food Associate,Store Associate - Food,Store Associate - Food - FT,1000,8,5
Food Associate,Store Associate - Food,Store Associate - Food - FT,530,8,6
Food Associate,Store Associate - Food,Store Associate - Food - FT,530,8,7
Sales Associate,Overnight Shift Lead 1,Overnight Lead,2100,3,2
Sales Associate,Overnight Shift Lead 1,Overnight Lead,0,7,3
Sales Associate,Overnight Shift Lead 1,Overnight Lead,2100,3,3
Sales Associate,Overnight Shift Lead 1,Overnight Lead,0,7,4
Sales Associate,Overnight Shift Lead 1,Overnight Lead,2100,3,4
Sales Associate,Overnight Shift Lead 1,Overnight Lead,0,7,5
Sales Associate,Overnight Shift Lead 1,Overnight Lead,2100,3,5
Sales Associate,Overnight Shift Lead 1,Overnight Lead,0,7,6
Sales Associate,Overnight Shift Lead 2,Overnight Lead,2100,3,1
Sales Associate,Overnight Shift Lead 2,Overnight Lead,0,7,2
Sales Associate,Overnight Shift Lead 2,Overnight Lead,1300,9,4
Sales Associate,Overnight Shift Lead 2,Overnight Lead,2100,3,6
Sales Associate,Overnight Shift Lead 2,Overnight Lead,0,7,7
Sales Associate,Overnight Shift Lead 2,Overnight Lead,2100,3,7
Sales Associate,Overnight Shift Lead 2,Overnight Lead,0,7,1
Sales Associate,Store Associate - Schedule 1,Store Associate - FT,700,8,2
Sales Associate,Store Associate - Schedule 1,Store Associate - FT,700,8,3
Sales Associate,Store Associate - Schedule 1,Store Associate - FT,700,8,4
Sales Associate,Store Associate - Schedule 1,Store Associate - FT,1400,8,5
Sales Associate,Store Associate - Schedule 1,Store Associate - FT,1400,8,6
Sales Associate,Store Associate - Schedule 2,Store Associate - FT,1300,8,1
Sales Associate,Store Associate - Schedule 2,Store Associate - FT,1230,8,2
Sales Associate,Store Associate - Schedule 2,Store Associate - FT,700,8,5
Sales Associate,Store Associate - Schedule 2,Store Associate - FT,1330,8,6
Sales Associate,Store Associate - Schedule 2,Store Associate - FT,1400,8,7
Sales Associate,Store Associate - Schedule 3,Store Associate - FT,1230,8,1
Sales Associate,Store Associate - Schedule 3,Store Associate - FT,1100,10,2
Sales Associate,Store Associate - Schedule 3,Store Associate - FT,1330,8,5
Sales Associate,Store Associate - Schedule 3,Store Associate - FT,1400,7,6
Sales Associate,Store Associate - Schedule 3,Store Associate - FT,1330,7,7
Sales Associate,Store Associate - Schedule 4,Store Associate - FT,600,8,1
Sales Associate,Store Associate - Schedule 4,Store Associate - FT,600,8,2
Sales Associate,Store Associate - Schedule 4,Store Associate - FT,600,8,3
Sales Associate,Store Associate - Schedule 4,Store Associate - FT,600,8,4
Sales Associate,Store Associate - Schedule 4,Store Associate - FT,600,8,5
Sales Associate,Store Associate - Schedule 5,Store Associate - FT,700,8,2
Sales Associate,Store Associate - Schedule 5,Store Associate - FT,1100,8,3
Sales Associate,Store Associate - Schedule 5,Store Associate - FT,600,8,4
Sales Associate,Store Associate - Schedule 5,Store Associate - FT,1100,8,5
Sales Associate,Store Associate - Schedule 5,Store Associate - FT,700,8,6
Sales Associate,Store Associate - Schedule 6,Store Associate - FT,600,8,1
Sales Associate,Store Associate - Schedule 6,Store Associate - FT,1300,8,2
Sales Associate,Store Associate - Schedule 6,Store Associate - FT,1400,8,3
Sales Associate,Store Associate - Schedule 6,Store Associate - FT,1400,8,4
Sales Associate,Store Associate - Schedule 6,Store Associate - FT,700,8,7
Sales Associate,Store Associate - Schedule 7,Store Associate - FT,800,9,1
Sales Associate,Store Associate - Schedule 7,Store Associate - FT,800,9,2
Sales Associate,Store Associate - Schedule 7,Store Associate - FT,1400,6,3
Sales Associate,Store Associate - Schedule 7,Store Associate - FT,700,8,6
Sales Associate,Store Associate - Schedule 7,Store Associate - FT,800,8,7
