Date,_Date,Instagram Profile,Followers,Net Follower Growth,Followers Gained,Followers Lost,Following,Net Following Growth,Published Posts & Stories,Impressions,Reach,Engagements,Likes,Comments,Saves,Story Replies,Profile Actions,Engagement Rate (per Impression)
1/1/2018,1/1/2018,Kum & Go,"2,819",1,1,0,,,0,25,22,4,4,0,0,0,0,16%
1/1/2018,1/2/2018,Kum & Go,"2,820",1,1,0,,,1,606,454,3,3,0,0,0,0,0.50%
1/1/2018,1/3/2018,Kum & Go,"2,822",2,2,0,,,0,138,109,4,4,0,0,0,0,2.90%
1/1/2018,1/4/2018,Kum & Go,"2,823",1,1,0,,,1,624,440,13,13,0,0,0,0,2.08%
1/1/2018,1/5/2018,Kum & Go,"2,829",6,6,0,,,0,148,105,11,11,0,0,0,0,7.43%
1/1/2018,1/6/2018,Kum & Go,"2,830",1,1,0,,,0,65,51,18,18,0,0,0,0,27.69%
1/1/2018,1/7/2018,Kum & Go,"2,831",1,1,0,,,0,76,50,9,9,0,0,0,0,11.84%
1/1/2018,1/8/2018,Kum & Go,"2,845",14,14,0,,,0,324,110,8,8,0,0,0,0,2.47%
1/1/2018,1/9/2018,Kum & Go,"2,849",4,4,0,,,0,73,28,6,6,0,0,0,1,8.22%
1/1/2018,1/10/2018,Kum & Go,"2,851",2,2,0,,,0,45,22,3,3,0,0,0,1,6.67%
1/1/2018,1/11/2018,Kum & Go,"2,854",3,3,0,,,0,45,12,3,3,0,0,0,0,6.67%
1/1/2018,1/12/2018,Kum & Go,"2,857",3,3,0,,,0,37,11,4,4,0,0,0,0,10.81%
1/1/2018,1/13/2018,Kum & Go,"2,859",2,2,0,,,0,38,9,2,2,0,0,0,0,5.26%
1/1/2018,1/14/2018,Kum & Go,"2,861",2,2,0,,,0,40,8,2,2,0,0,0,0,5%
1/1/2018,1/15/2018,Kum & Go,"2,862",1,1,0,,,0,14,9,1,1,0,0,0,1,7.14%
1/1/2018,1/16/2018,Kum & Go,"2,863",1,1,0,,,0,67,9,2,2,0,0,0,0,2.99%
1/1/2018,1/17/2018,Kum & Go,"2,866",3,3,0,,,1,632,457,2,2,0,0,0,0,0.32%
1/1/2018,1/18/2018,Kum & Go,"2,868",2,2,0,,,0,139,119,4,4,0,0,0,0,2.88%
1/1/2018,1/19/2018,Kum & Go,"2,873",5,5,0,,,1,725,516,12,12,0,0,0,0,1.66%
1/1/2018,1/20/2018,Kum & Go,"2,874",1,1,0,,,0,148,113,8,8,0,0,0,1,5.41%
1/1/2018,1/21/2018,Kum & Go,"2,874",0,0,0,,,0,100,62,15,15,0,0,0,0,15%
1/1/2018,1/22/2018,Kum & Go,"2,874",0,0,0,,,0,48,30,8,8,0,0,0,1,16.67%
1/1/2018,1/23/2018,Kum & Go,"2,876",2,2,0,,,0,33,21,6,6,0,0,0,0,18.18%
1/1/2018,1/24/2018,Kum & Go,"2,877",1,1,0,,,0,59,19,4,4,0,0,0,0,6.78%
1/1/2018,1/25/2018,Kum & Go,"2,877",0,0,0,,,0,45,11,3,3,0,0,0,0,6.67%
1/1/2018,1/26/2018,Kum & Go,"2,878",1,1,0,,,1,692,507,3,3,0,0,0,1,0.43%
1/1/2018,1/27/2018,Kum & Go,"2,881",3,3,0,,,0,246,208,14,14,0,0,0,1,5.69%
1/1/2018,1/28/2018,Kum & Go,"2,883",2,2,0,,,0,94,83,14,13,1,0,0,0,14.89%
1/1/2018,1/29/2018,Kum & Go,"2,885",2,2,0,,,0,50,32,12,10,1,1,0,0,24%
1/1/2018,1/30/2018,Kum & Go,"2,885",0,0,0,,,0,28,20,6,6,0,0,0,0,21.43%
1/1/2018,1/31/2018,Kum & Go,"2,886",1,1,0,,,0,16,12,5,5,0,0,0,0,31.25%
2/1/2018,2/1/2018,Kum & Go,"2,887",1,1,0,,,0,12,12,3,3,0,0,0,0,25%
2/1/2018,2/2/2018,Kum & Go,"2,889",2,2,0,,,0,23,8,5,4,1,0,0,0,21.74%
2/1/2018,2/3/2018,Kum & Go,"2,899",10,10,0,,,0,114,71,1,1,0,0,0,0,0.88%
2/1/2018,2/4/2018,Kum & Go,"2,902",3,3,0,,,1,728,589,1,1,0,0,0,1,0.14%
2/1/2018,2/5/2018,Kum & Go,"2,903",1,1,0,,,0,169,122,5,5,0,0,0,0,2.96%
2/1/2018,2/6/2018,Kum & Go,"2,905",2,2,0,,,0,63,52,13,13,0,0,0,0,20.63%
2/1/2018,2/7/2018,Kum & Go,"2,906",1,1,0,,,0,32,31,7,7,0,0,0,0,21.88%
2/1/2018,2/8/2018,Kum & Go,"2,908",2,2,0,,,0,29,20,4,4,0,0,0,0,13.79%
2/1/2018,2/9/2018,Kum & Go,"2,912",4,4,0,,,1,611,479,4,4,0,0,0,0,0.65%
2/1/2018,2/10/2018,Kum & Go,"2,913",1,1,0,,,0,195,112,6,6,0,0,0,0,3.08%
2/1/2018,2/11/2018,Kum & Go,"2,915",2,2,0,,,0,100,72,15,15,0,0,0,0,15%
2/1/2018,2/12/2018,Kum & Go,"2,918",3,3,0,,,0,36,27,12,10,1,1,0,0,33.33%
2/1/2018,2/13/2018,Kum & Go,"2,922",4,4,0,,,0,68,57,6,6,0,0,0,1,8.82%
2/1/2018,2/14/2018,Kum & Go,"2,924",2,2,0,,,1,456,371,4,4,0,0,0,0,0.88%
2/1/2018,2/15/2018,Kum & Go,"2,927",3,3,0,,,0,227,180,6,6,0,0,0,2,2.64%
2/1/2018,2/16/2018,Kum & Go,"2,933",6,6,0,,,0,193,141,10,10,0,0,0,0,5.18%
2/1/2018,2/17/2018,Kum & Go,"2,939",6,6,0,,,0,232,133,8,8,0,0,0,1,3.45%
2/1/2018,2/18/2018,Kum & Go,"2,942",3,3,0,,,0,72,42,4,4,0,0,0,0,5.56%
2/1/2018,2/19/2018,Kum & Go,"2,943",1,1,0,,,0,33,17,4,4,0,0,0,1,12.12%
2/1/2018,2/20/2018,Kum & Go,"2,946",3,3,0,,,0,90,26,3,3,0,0,0,0,3.33%
2/1/2018,2/21/2018,Kum & Go,"2,949",3,3,0,,,1,"1,068",727,3,3,0,0,0,0,0.28%
2/1/2018,2/22/2018,Kum & Go,"2,950",1,1,0,,,0,306,268,9,9,0,0,0,1,2.94%
2/1/2018,2/23/2018,Kum & Go,"2,951",1,1,0,,,0,90,73,33,32,0,1,0,0,36.67%
2/1/2018,2/24/2018,Kum & Go,"2,951",0,0,0,,,0,81,48,19,18,1,0,0,0,23.46%
2/1/2018,2/25/2018,Kum & Go,"2,952",1,1,0,,,0,113,53,10,10,0,0,0,0,8.85%
2/1/2018,2/26/2018,Kum & Go,"2,956",4,4,0,,,1,790,623,11,10,0,1,0,1,1.39%
2/1/2018,2/27/2018,Kum & Go,"2,956",0,0,0,,,0,166,130,9,9,0,0,0,1,5.42%
2/1/2018,2/28/2018,Kum & Go,"2,960",4,4,0,,,1,718,531,22,20,0,2,0,0,3.06%
3/1/2018,3/1/2018,Kum & Go,"2,961",1,1,0,,,0,210,148,15,14,0,1,0,0,7.14%
3/1/2018,3/2/2018,Kum & Go,"2,964",3,3,0,,,1,705,470,21,21,0,0,0,1,2.98%
3/1/2018,3/3/2018,Kum & Go,"2,964",0,0,0,600,,0,161,114,17,16,0,1,0,2,10.56%
3/1/2018,3/4/2018,Kum & Go,"2,964",0,3,3,600,0,0,106,70,17,17,0,0,0,3,16.04%
3/1/2018,3/5/2018,Kum & Go,"2,968",4,4,0,600,0,0,40,26,13,13,0,0,0,0,32.50%
3/1/2018,3/6/2018,Kum & Go,"2,969",1,1,0,599,-1,0,16,10,9,9,0,0,0,0,56.25%
3/1/2018,3/7/2018,Kum & Go,"2,969",0,2,2,600,1,1,525,411,6,6,0,0,0,0,1.14%
3/1/2018,3/8/2018,Kum & Go,"2,971",2,2,0,600,0,1,"1,109",690,9,8,0,1,0,2,0.81%
3/1/2018,3/9/2018,Kum & Go,"2,971",0,1,1,600,0,0,232,163,21,21,0,0,0,0,9.05%
3/1/2018,3/10/2018,Kum & Go,"2,971",0,0,0,600,0,0,83,46,28,28,0,0,0,0,33.73%
3/1/2018,3/11/2018,Kum & Go,"2,970",-1,0,1,600,0,1,920,642,18,18,0,0,0,0,1.96%
3/1/2018,3/12/2018,Kum & Go,"2,970",0,0,0,600,0,0,128,93,14,14,0,0,0,0,10.94%
3/1/2018,3/13/2018,Kum & Go,"2,972",2,3,1,600,0,0,35,21,23,23,0,0,0,1,65.71%
3/1/2018,3/14/2018,Kum & Go,"2,973",1,1,0,600,0,0,15,10,14,14,0,0,0,0,93.33%
3/1/2018,3/15/2018,Kum & Go,"2,974",1,1,0,600,0,0,15,9,10,10,0,0,0,0,66.67%
3/1/2018,3/16/2018,Kum & Go,"2,976",2,2,0,600,0,0,26,12,7,7,0,0,0,0,26.92%
3/1/2018,3/17/2018,Kum & Go,"2,977",1,1,0,599,-1,1,600,480,7,7,0,0,0,1,1.17%
3/1/2018,3/18/2018,Kum & Go,"2,980",3,7,4,598,-1,0,263,194,7,7,0,0,0,0,2.66%
3/1/2018,3/19/2018,Kum & Go,"2,983",3,3,0,597,-1,0,86,59,11,11,0,0,0,1,12.79%
3/1/2018,3/20/2018,Kum & Go,"2,985",2,2,0,597,0,0,19,17,8,8,0,0,0,0,42.11%
3/1/2018,3/21/2018,Kum & Go,"2,985",0,0,0,597,0,0,21,11,5,5,0,0,0,0,23.81%
3/1/2018,3/22/2018,Kum & Go,"2,985",0,3,3,597,0,0,10,7,5,5,0,0,0,2,50%
3/1/2018,3/23/2018,Kum & Go,"2,986",1,1,0,597,0,0,36,8,2,2,0,0,0,0,5.56%
3/1/2018,3/24/2018,Kum & Go,"2,986",0,2,2,597,0,0,27,10,3,3,0,0,0,0,11.11%
3/1/2018,3/25/2018,Kum & Go,"2,987",1,1,0,596,-1,0,33,20,3,3,0,0,0,0,9.09%
3/1/2018,3/26/2018,Kum & Go,"2,985",-2,3,5,596,0,0,16,10,2,2,0,0,0,0,12.50%
3/1/2018,3/27/2018,Kum & Go,"2,988",3,4,1,595,-1,0,21,10,2,2,0,0,0,0,9.52%
3/1/2018,3/28/2018,Kum & Go,"2,990",2,2,0,596,1,0,6,3,0,0,0,0,0,0,0%
3/1/2018,3/29/2018,Kum & Go,"2,992",2,2,0,597,1,0,6,6,3,3,0,0,0,1,50%
3/1/2018,3/30/2018,Kum & Go,"2,993",1,3,2,596,-1,0,11,4,0,0,0,0,0,1,0%
3/1/2018,3/31/2018,Kum & Go,"2,994",1,3,2,597,1,0,26,12,1,1,0,0,0,0,3.85%
4/1/2018,4/1/2018,Kum & Go,"2,994",0,1,1,597,0,0,19,12,0,0,0,0,0,0,0%
4/1/2018,4/2/2018,Kum & Go,"2,995",1,4,3,597,0,0,54,21,0,0,0,0,0,0,0%
4/1/2018,4/3/2018,Kum & Go,"2,996",1,1,0,597,0,0,38,8,2,2,0,0,0,1,5.26%
4/1/2018,4/4/2018,Kum & Go,"2,997",1,3,2,597,0,1,708,583,0,0,0,0,0,0,0%
4/1/2018,4/5/2018,Kum & Go,"2,997",0,1,1,597,0,0,162,147,3,3,0,0,0,2,1.85%
4/1/2018,4/6/2018,Kum & Go,"2,997",0,1,1,596,-1,0,76,38,17,17,0,0,0,0,22.37%
4/1/2018,4/7/2018,Kum & Go,"3,000",3,3,0,596,0,0,17,11,9,8,1,0,0,1,52.94%
4/1/2018,4/8/2018,Kum & Go,"3,002",2,2,0,596,0,0,23,12,4,4,0,0,0,2,17.39%
4/1/2018,4/9/2018,Kum & Go,"3,001",-1,1,2,596,0,0,24,10,4,4,0,0,0,0,16.67%
4/1/2018,4/10/2018,Kum & Go,"3,001",0,1,1,596,0,0,38,13,2,2,0,0,0,0,5.26%
4/1/2018,4/11/2018,Kum & Go,"3,002",1,1,0,596,0,0,16,13,3,3,0,0,0,0,18.75%
4/1/2018,4/12/2018,Kum & Go,"3,002",0,0,0,596,0,0,29,12,2,2,0,0,0,0,6.90%
4/1/2018,4/13/2018,Kum & Go,"3,001",-1,0,1,596,0,0,46,11,1,1,0,0,0,0,2.17%
4/1/2018,4/14/2018,Kum & Go,"3,005",4,5,1,596,0,0,23,15,1,1,0,0,0,0,4.35%
4/1/2018,4/15/2018,Kum & Go,"3,007",2,2,0,596,0,0,4,2,1,1,0,0,0,0,25%
4/1/2018,4/16/2018,Kum & Go,"3,007",0,0,0,596,0,0,12,8,1,1,0,0,0,0,8.33%
4/1/2018,4/17/2018,Kum & Go,"3,006",-1,1,2,596,0,0,24,11,0,0,0,0,0,0,0%
4/1/2018,4/18/2018,Kum & Go,"3,007",1,2,1,595,-1,0,19,13,1,1,0,0,0,0,5.26%
4/1/2018,4/19/2018,Kum & Go,"3,010",3,3,0,596,1,0,15,13,1,1,0,0,0,0,6.67%
4/1/2018,4/20/2018,Kum & Go,"3,011",1,1,0,596,0,0,24,9,0,0,0,0,0,0,0%
4/1/2018,4/21/2018,Kum & Go,"3,010",-1,1,2,595,-1,0,20,12,0,0,0,0,0,0,0%
4/1/2018,4/22/2018,Kum & Go,"3,009",-1,1,2,595,0,0,92,11,1,1,0,0,0,0,1.09%
4/1/2018,4/23/2018,Kum & Go,"3,010",1,1,0,595,0,0,12,9,0,0,0,0,0,2,0%
4/1/2018,4/24/2018,Kum & Go,"3,012",2,3,1,595,0,0,22,11,1,1,0,0,0,0,4.55%
4/1/2018,4/25/2018,Kum & Go,"3,013",1,1,0,595,0,0,19,10,0,0,0,0,0,0,0%
4/1/2018,4/26/2018,Kum & Go,"3,013",0,2,2,595,0,0,21,10,0,0,0,0,0,0,0%
4/1/2018,4/27/2018,Kum & Go,"3,013",0,0,0,595,0,0,24,14,0,0,0,0,0,0,0%
4/1/2018,4/28/2018,Kum & Go,"3,013",0,0,0,595,0,0,72,6,1,1,0,0,0,0,1.39%
4/1/2018,4/29/2018,Kum & Go,"3,013",0,2,2,595,0,0,33,13,0,0,0,0,0,1,0%
4/1/2018,4/30/2018,Kum & Go,"3,016",3,4,1,595,0,1,"1,379","1,006",0,0,0,0,0,0,0%
5/1/2018,5/1/2018,Kum & Go,"3,018",2,2,0,595,0,0,239,167,9,9,0,0,0,0,3.77%
5/1/2018,5/2/2018,Kum & Go,"3,019",1,3,2,595,0,0,89,49,43,40,2,1,0,0,48.31%
5/1/2018,5/3/2018,Kum & Go,"3,020",1,1,0,595,0,0,29,21,20,19,1,0,0,0,68.97%
5/1/2018,5/4/2018,Kum & Go,"3,021",1,4,3,595,0,0,525,386,12,12,0,0,0,2,2.29%
5/1/2018,5/5/2018,Kum & Go,"3,025",4,4,0,595,0,0,57,44,10,8,1,1,0,0,17.54%
5/1/2018,5/6/2018,Kum & Go,"3,028",3,3,0,595,0,0,52,22,6,6,0,0,0,2,11.54%
5/1/2018,5/7/2018,Kum & Go,"3,030",2,2,0,595,0,0,32,15,4,4,0,0,0,1,12.50%
5/1/2018,5/8/2018,Kum & Go,"3,029",-1,1,2,595,0,0,34,20,5,4,1,0,0,0,14.71%
5/1/2018,5/9/2018,Kum & Go,"3,031",2,4,2,595,0,0,96,36,3,3,0,0,0,0,3.13%
5/1/2018,5/10/2018,Kum & Go,"3,035",4,4,0,595,0,0,35,13,2,2,0,0,0,0,5.71%
5/1/2018,5/11/2018,Kum & Go,"3,036",1,1,0,595,0,0,44,20,2,2,0,0,0,0,4.55%
5/1/2018,5/12/2018,Kum & Go,"3,035",-1,0,1,594,-1,0,27,12,2,2,0,0,0,0,7.41%
5/1/2018,5/13/2018,Kum & Go,"3,035",0,2,2,593,-1,0,43,16,1,1,0,0,0,0,2.33%
5/1/2018,5/14/2018,Kum & Go,"3,036",1,1,0,593,0,0,12,8,3,2,1,0,0,0,25%
5/1/2018,5/15/2018,Kum & Go,"3,041",5,7,2,593,0,0,89,43,1,1,0,0,0,0,1.12%
5/1/2018,5/16/2018,Kum & Go,"3,043",2,2,0,593,0,0,111,60,1,1,0,0,0,3,0.90%
5/1/2018,5/17/2018,Kum & Go,"3,042",-1,1,2,594,1,0,153,24,2,1,0,1,0,0,1.31%
5/1/2018,5/18/2018,Kum & Go,"3,045",3,3,0,594,0,0,12,8,1,1,0,0,0,0,8.33%
5/1/2018,5/19/2018,Kum & Go,"3,046",1,1,0,594,0,0,30,18,1,1,0,0,0,0,3.33%
5/1/2018,5/20/2018,Kum & Go,"3,046",0,0,0,594,0,0,25,13,0,0,0,0,0,0,0%
5/1/2018,5/21/2018,Kum & Go,"3,044",-2,2,4,594,0,0,63,44,1,1,0,0,0,0,1.59%
5/1/2018,5/22/2018,Kum & Go,"3,047",3,3,0,594,0,0,43,20,1,1,0,0,0,0,2.33%
5/1/2018,5/23/2018,Kum & Go,"3,047",0,0,0,594,0,0,114,9,0,0,0,0,0,0,0%
5/1/2018,5/24/2018,Kum & Go,"3,048",1,2,1,594,0,0,27,14,1,1,0,0,0,0,3.70%
5/1/2018,5/25/2018,Kum & Go,"3,048",0,0,0,594,0,0,17,12,0,0,0,0,0,0,0%
5/1/2018,5/26/2018,Kum & Go,"3,049",1,2,1,594,0,0,46,24,1,1,0,0,0,2,2.17%
5/1/2018,5/27/2018,Kum & Go,"3,050",1,1,0,594,0,0,56,18,0,0,0,0,0,1,0%
5/1/2018,5/28/2018,Kum & Go,"3,055",5,5,0,594,0,0,39,26,1,1,0,0,0,1,2.56%
5/1/2018,5/29/2018,Kum & Go,"3,057",2,2,0,594,0,0,15,11,0,0,0,0,0,0,0%
5/1/2018,5/30/2018,Kum & Go,"3,057",0,0,0,594,0,0,105,15,0,0,0,0,0,1,0%
5/1/2018,5/31/2018,Kum & Go,"3,058",1,2,1,594,0,0,42,20,1,1,0,0,0,0,2.38%
6/1/2018,6/1/2018,Kum & Go,"3,060",2,2,0,594,0,0,36,17,0,0,0,0,0,0,0%
6/1/2018,6/2/2018,Kum & Go,"3,060",0,0,0,594,0,0,12,10,0,0,0,0,0,0,0%
6/1/2018,6/3/2018,Kum & Go,"3,059",-1,0,1,594,0,0,11,7,1,1,0,0,0,0,9.09%
6/1/2018,6/4/2018,Kum & Go,"3,059",0,3,3,594,0,0,72,50,0,0,0,0,0,0,0%
6/1/2018,6/5/2018,Kum & Go,"3,060",1,4,3,594,0,0,58,33,0,0,0,0,0,0,0%
6/1/2018,6/6/2018,Kum & Go,"3,062",2,2,0,595,1,0,58,20,0,0,0,0,0,0,0%
6/1/2018,6/7/2018,Kum & Go,"3,063",1,2,1,595,0,0,23,14,0,0,0,0,0,0,0%
6/1/2018,6/8/2018,Kum & Go,"3,066",3,3,0,595,0,0,22,19,0,0,0,0,0,1,0%
6/1/2018,6/9/2018,Kum & Go,"3,066",0,0,0,595,0,0,35,20,0,0,0,0,0,0,0%
6/1/2018,6/10/2018,Kum & Go,"3,064",-2,2,4,595,0,0,14,12,0,0,0,0,0,0,0%
6/1/2018,6/11/2018,Kum & Go,"3,064",0,0,0,595,0,0,7,5,0,0,0,0,0,0,0%
6/1/2018,6/12/2018,Kum & Go,"3,063",-1,1,2,595,0,0,50,26,0,0,0,0,0,0,0%
6/1/2018,6/13/2018,Kum & Go,"3,066",3,4,1,595,0,0,10,9,0,0,0,0,0,0,0%
6/1/2018,6/14/2018,Kum & Go,"3,068",2,2,0,595,0,0,23,12,0,0,0,0,0,0,0%
6/1/2018,6/15/2018,Kum & Go,"3,070",2,2,0,595,0,0,25,14,0,0,0,0,0,1,0%
6/1/2018,6/16/2018,Kum & Go,"3,073",3,3,0,595,0,0,25,15,0,0,0,0,0,0,0%
6/1/2018,6/17/2018,Kum & Go,"3,075",2,3,1,595,0,0,66,31,0,0,0,0,0,0,0%
6/1/2018,6/18/2018,Kum & Go,"3,077",2,2,0,595,0,0,53,22,0,0,0,0,0,0,0%
6/1/2018,6/19/2018,Kum & Go,"3,082",5,5,0,595,0,0,31,16,0,0,0,0,0,1,0%
6/1/2018,6/20/2018,Kum & Go,"3,085",3,3,0,595,0,0,21,16,0,0,0,0,0,2,0%
6/1/2018,6/21/2018,Kum & Go,"3,086",1,1,0,595,0,0,83,42,0,0,0,0,0,1,0%
6/1/2018,6/22/2018,Kum & Go,"3,088",2,2,0,595,0,0,47,20,0,0,0,0,0,1,0%
6/1/2018,6/23/2018,Kum & Go,"3,090",2,2,0,595,0,0,18,10,0,0,0,0,0,0,0%
6/1/2018,6/24/2018,Kum & Go,"3,091",1,1,0,595,0,0,44,14,0,0,0,0,0,0,0%
6/1/2018,6/25/2018,Kum & Go,"3,089",-2,4,6,595,0,0,13,8,0,0,0,0,0,0,0%
6/1/2018,6/26/2018,Kum & Go,"3,094",5,5,0,595,0,0,18,12,0,0,0,0,0,0,0%
6/1/2018,6/27/2018,Kum & Go,"3,094",0,0,0,595,0,0,17,14,0,0,0,0,0,0,0%
6/1/2018,6/28/2018,Kum & Go,"3,098",4,4,0,595,0,0,61,19,0,0,0,0,0,0,0%
6/1/2018,6/29/2018,Kum & Go,"3,102",4,4,0,595,0,0,26,18,21,19,2,0,0,0,80.77%
6/1/2018,6/30/2018,Kum & Go,"3,103",1,1,0,595,0,0,26,12,1,1,0,0,0,0,3.85%
7/1/2018,7/1/2018,Kum & Go,"3,104",1,1,0,595,0,0,28,20,0,0,0,0,0,0,0%
7/1/2018,7/2/2018,Kum & Go,"3,105",1,2,1,595,0,0,59,23,1,1,0,0,0,0,1.69%
7/1/2018,7/3/2018,Kum & Go,"3,105",0,2,2,595,0,0,15,11,9,9,0,0,0,0,60%
7/1/2018,7/4/2018,Kum & Go,"3,112",7,10,3,595,0,0,70,57,0,0,0,0,0,0,0%
7/1/2018,7/5/2018,Kum & Go,"3,116",4,4,0,595,0,0,31,22,0,0,0,0,0,0,0%
7/1/2018,7/6/2018,Kum & Go,"3,117",1,1,0,595,0,0,28,24,0,0,0,0,0,3,0%
7/1/2018,7/7/2018,Kum & Go,"3,120",3,3,0,595,0,0,83,46,0,0,0,0,0,1,0%
7/1/2018,7/8/2018,Kum & Go,"3,121",1,1,0,595,0,0,29,16,0,0,0,0,0,1,0%
7/1/2018,7/9/2018,Kum & Go,"3,122",1,1,0,595,0,0,26,9,1,1,0,0,0,0,3.85%
7/1/2018,7/10/2018,Kum & Go,"3,122",0,3,3,595,0,0,125,9,0,0,0,0,0,0,0%
7/1/2018,7/11/2018,Kum & Go,"3,124",2,3,1,595,0,0,51,16,1,1,0,0,0,0,1.96%
7/1/2018,7/12/2018,Kum & Go,"3,125",1,1,0,595,0,0,7,6,0,0,0,0,0,0,0%
7/1/2018,7/13/2018,Kum & Go,"3,125",0,1,1,595,0,0,7,6,0,0,0,0,0,0,0%
7/1/2018,7/14/2018,Kum & Go,"3,126",1,2,1,595,0,0,25,7,0,0,0,0,0,0,0%
7/1/2018,7/15/2018,Kum & Go,"3,127",1,2,1,595,0,0,47,28,0,0,0,0,0,1,0%
7/1/2018,7/16/2018,Kum & Go,"3,133",6,6,0,595,0,0,21,9,0,0,0,0,0,1,0%
7/1/2018,7/17/2018,Kum & Go,"3,136",3,3,0,595,0,0,14,5,0,0,0,0,0,0,0%
7/1/2018,7/18/2018,Kum & Go,"3,138",2,2,0,595,0,0,32,16,0,0,0,0,0,0,0%
7/1/2018,7/19/2018,Kum & Go,"3,142",4,4,0,595,0,0,40,12,0,0,0,0,0,0,0%
7/1/2018,7/20/2018,Kum & Go,"3,145",3,3,0,595,0,0,95,22,0,0,0,0,0,2,0%
7/1/2018,7/21/2018,Kum & Go,"3,145",0,0,0,595,0,0,71,34,0,0,0,0,0,0,0%
7/1/2018,7/22/2018,Kum & Go,"3,143",-2,4,6,595,0,0,59,7,7,7,0,0,0,0,11.86%
7/1/2018,7/23/2018,Kum & Go,"3,145",2,2,0,595,0,0,2,2,0,0,0,0,0,0,0%
7/1/2018,7/24/2018,Kum & Go,"3,146",1,2,1,594,-1,0,57,42,1,0,1,0,0,0,1.75%
7/1/2018,7/25/2018,Kum & Go,"3,145",-1,2,3,594,0,0,60,17,1,1,0,0,0,0,1.67%
7/1/2018,7/26/2018,Kum & Go,"3,146",1,2,1,594,0,0,60,33,1,1,0,0,0,0,1.67%
7/1/2018,7/27/2018,Kum & Go,"3,146",0,1,1,594,0,0,42,27,0,0,0,0,0,1,0%
7/1/2018,7/28/2018,Kum & Go,"3,146",0,0,0,594,0,0,23,13,0,0,0,0,0,0,0%
7/1/2018,7/29/2018,Kum & Go,"3,145",-1,2,3,594,0,0,32,11,1,1,0,0,0,0,3.13%
7/1/2018,7/30/2018,Kum & Go,"3,147",2,4,2,594,0,0,12,9,11,11,0,0,0,1,91.67%
7/1/2018,7/31/2018,Kum & Go,"3,150",3,3,0,593,-1,0,118,53,0,0,0,0,0,1,0%
8/1/2018,8/1/2018,Kum & Go,"3,150",0,6,6,593,0,0,137,83,1,1,0,0,0,4,0.73%
8/1/2018,8/2/2018,Kum & Go,"3,156",6,6,0,593,0,0,34,29,0,0,0,0,0,0,0%
8/1/2018,8/3/2018,Kum & Go,"3,157",1,1,0,593,0,0,67,41,0,0,0,0,0,0,0%
8/1/2018,8/4/2018,Kum & Go,"3,157",0,1,1,594,1,0,65,34,0,0,0,0,0,0,0%
8/1/2018,8/5/2018,Kum & Go,"3,157",0,1,1,594,0,0,14,6,0,0,0,0,0,0,0%
8/1/2018,8/6/2018,Kum & Go,"3,157",0,3,3,594,0,0,24,23,0,0,0,0,0,0,0%
8/1/2018,8/7/2018,Kum & Go,"3,161",4,4,0,593,-1,0,34,22,0,0,0,0,0,0,0%
8/1/2018,8/8/2018,Kum & Go,"3,165",4,4,0,594,1,0,37,20,0,0,0,0,0,1,0%
8/1/2018,8/9/2018,Kum & Go,"3,166",1,1,0,594,0,0,31,9,0,0,0,0,0,0,0%
8/1/2018,8/10/2018,Kum & Go,"3,165",-1,2,3,594,0,0,120,83,2,0,2,0,0,0,1.67%
8/1/2018,8/11/2018,Kum & Go,"3,167",2,3,1,594,0,0,48,25,2,2,0,0,0,2,4.17%
8/1/2018,8/12/2018,Kum & Go,"3,170",3,3,0,594,0,0,141,13,0,0,0,0,0,0,0%
8/1/2018,8/13/2018,Kum & Go,"3,170",0,0,0,594,0,0,25,16,0,0,0,0,0,2,0%
8/1/2018,8/14/2018,Kum & Go,"3,168",-2,0,2,594,0,0,55,11,0,0,0,0,0,0,0%
8/1/2018,8/15/2018,Kum & Go,"3,169",1,3,2,594,0,0,57,40,0,0,0,0,0,1,0%
8/1/2018,8/16/2018,Kum & Go,"3,169",0,2,2,594,0,0,36,20,0,0,0,0,0,1,0%
8/1/2018,8/17/2018,Kum & Go,"3,170",1,2,1,594,0,0,84,53,0,0,0,0,0,0,0%
8/1/2018,8/18/2018,Kum & Go,"3,172",2,2,0,594,0,0,80,40,0,0,0,0,0,0,0%
8/1/2018,8/19/2018,Kum & Go,"3,173",1,2,1,594,0,0,55,23,0,0,0,0,0,0,0%
8/1/2018,8/20/2018,Kum & Go,"3,174",1,1,0,594,0,0,59,24,0,0,0,0,0,2,0%
8/1/2018,8/21/2018,Kum & Go,"3,175",1,2,1,594,0,0,94,27,0,0,0,0,0,1,0%
8/1/2018,8/22/2018,Kum & Go,"3,183",8,11,3,594,0,0,523,256,1,0,1,0,0,17,0.19%
8/1/2018,8/23/2018,Kum & Go,"3,188",5,5,0,594,0,0,143,69,2,1,1,0,0,3,1.40%
8/1/2018,8/24/2018,Kum & Go,"3,191",3,3,0,594,0,0,86,55,2,2,0,0,0,0,2.33%
8/1/2018,8/25/2018,Kum & Go,"3,192",1,1,0,594,0,0,96,44,0,0,0,0,0,1,0%
8/1/2018,8/26/2018,Kum & Go,"3,192",0,0,0,594,0,0,43,26,0,0,0,0,0,1,0%
8/1/2018,8/27/2018,Kum & Go,"3,192",0,5,5,594,0,0,90,43,0,0,0,0,0,1,0%
8/1/2018,8/28/2018,Kum & Go,"3,197",5,5,0,594,0,0,66,32,0,0,0,0,0,0,0%
8/1/2018,8/29/2018,Kum & Go,"3,199",2,2,0,593,-1,0,51,29,12,12,0,0,0,2,23.53%
8/1/2018,8/30/2018,Kum & Go,"3,201",2,3,1,593,0,0,25,19,0,0,0,0,0,0,0%
8/1/2018,8/31/2018,Kum & Go,"3,202",1,3,2,593,0,0,46,30,0,0,0,0,0,3,0%
9/1/2018,9/1/2018,Kum & Go,"3,200",-2,2,4,593,0,0,75,52,0,0,0,0,0,1,0%
9/1/2018,9/2/2018,Kum & Go,"3,201",1,5,4,593,0,0,164,95,0,0,0,0,0,3,0%
9/1/2018,9/3/2018,Kum & Go,"3,203",2,2,0,593,0,0,97,30,3,3,0,0,0,0,3.09%
9/1/2018,9/4/2018,Kum & Go,"3,205",2,2,0,593,0,0,84,38,0,0,0,0,0,0,0%
9/1/2018,9/5/2018,Kum & Go,"3,207",2,2,0,593,0,0,68,46,0,0,0,0,0,2,0%
9/1/2018,9/6/2018,Kum & Go,"3,210",3,4,1,593,0,0,73,22,1,1,0,0,0,1,1.37%
9/1/2018,9/7/2018,Kum & Go,"3,212",2,2,0,593,0,0,21,17,2,2,0,0,0,0,9.52%
9/1/2018,9/8/2018,Kum & Go,"3,213",1,1,0,593,0,0,29,14,3,3,0,0,0,0,10.34%
9/1/2018,9/9/2018,Kum & Go,"3,216",3,4,1,593,0,0,55,17,1,1,0,0,0,0,1.82%
9/1/2018,9/10/2018,Kum & Go,"3,217",1,1,0,594,1,0,23,18,0,0,0,0,0,0,0%
9/1/2018,9/11/2018,Kum & Go,"3,217",0,2,2,594,0,0,38,22,0,0,0,0,0,2,0%
9/1/2018,9/12/2018,Kum & Go,"3,221",4,7,3,594,0,0,87,68,0,0,0,0,0,0,0%
9/1/2018,9/13/2018,Kum & Go,"3,224",3,3,0,595,1,0,50,20,0,0,0,0,0,0,0%
9/1/2018,9/14/2018,Kum & Go,"3,224",0,0,0,595,0,0,33,12,1,1,0,0,0,1,3.03%
9/1/2018,9/15/2018,Kum & Go,"3,225",1,1,0,595,0,0,30,21,1,1,0,0,0,0,3.33%
9/1/2018,9/16/2018,Kum & Go,"3,226",1,1,0,595,0,0,79,18,0,0,0,0,0,0,0%
9/1/2018,9/17/2018,Kum & Go,"3,226",0,4,4,595,0,0,67,32,2,2,0,0,0,0,2.99%
9/1/2018,9/18/2018,Kum & Go,"3,225",-1,2,3,595,0,0,49,30,2,1,1,0,0,1,4.08%
9/1/2018,9/19/2018,Kum & Go,"3,232",7,9,2,595,0,0,149,94,4,4,0,0,0,0,2.68%
9/1/2018,9/20/2018,Kum & Go,"3,232",0,0,0,595,0,0,32,24,3,3,0,0,0,1,9.38%
9/1/2018,9/21/2018,Kum & Go,"3,233",1,2,1,595,0,0,96,12,0,0,0,0,0,1,0%
9/1/2018,9/22/2018,Kum & Go,"3,235",2,3,1,595,0,0,12,8,1,1,0,0,0,0,8.33%
9/1/2018,9/23/2018,Kum & Go,"3,235",0,2,2,595,0,0,40,20,1,1,0,0,0,0,2.50%
9/1/2018,9/24/2018,Kum & Go,"3,236",1,1,0,595,0,0,40,20,0,0,0,0,0,0,0%
9/1/2018,9/25/2018,Kum & Go,"3,237",1,3,2,595,0,0,31,17,0,0,0,0,0,0,0%
9/1/2018,9/26/2018,Kum & Go,"3,240",3,3,0,595,0,0,35,14,0,0,0,0,0,0,0%
9/1/2018,9/27/2018,Kum & Go,"3,240",0,0,0,595,0,0,37,18,1,1,0,0,0,0,2.70%
9/1/2018,9/28/2018,Kum & Go,"3,239",-1,0,1,595,0,0,33,19,1,1,0,0,0,2,3.03%
9/1/2018,9/29/2018,Kum & Go,"3,242",3,3,0,595,0,0,64,28,0,0,0,0,0,0,0%
9/1/2018,9/30/2018,Kum & Go,"3,239",-3,1,4,595,0,0,99,13,0,0,0,0,0,0,0%
10/1/2018,10/1/2018,Kum & Go,"3,241",2,2,0,595,0,0,4,3,0,0,0,0,0,0,0%
10/1/2018,10/2/2018,Kum & Go,"3,242",1,3,2,595,0,0,46,24,1,0,1,0,0,0,2.17%
10/1/2018,10/3/2018,Kum & Go,"3,241",-1,1,2,595,0,0,74,28,1,1,0,0,0,1,1.35%
10/1/2018,10/4/2018,Kum & Go,"3,242",1,1,0,595,0,0,32,17,0,0,0,0,0,2,0%
10/1/2018,10/5/2018,Kum & Go,"3,243",1,1,0,595,0,0,27,16,0,0,0,0,0,0,0%
10/1/2018,10/6/2018,Kum & Go,"3,243",0,3,3,595,0,0,41,14,0,0,0,0,0,1,0%
10/1/2018,10/7/2018,Kum & Go,"3,245",2,2,0,595,0,0,19,11,0,0,0,0,0,0,0%
10/1/2018,10/8/2018,Kum & Go,"3,245",0,1,1,595,0,0,52,15,2,2,0,0,0,1,3.85%
10/1/2018,10/9/2018,Kum & Go,"3,246",1,3,2,595,0,0,22,10,2,2,0,0,0,0,9.09%
10/1/2018,10/10/2018,Kum & Go,"3,247",1,1,0,595,0,0,45,23,0,0,0,0,0,0,0%
10/1/2018,10/11/2018,Kum & Go,"3,249",2,4,2,595,0,0,60,30,1,1,0,0,0,0,1.67%
10/1/2018,10/12/2018,Kum & Go,"3,253",4,5,1,595,0,0,77,20,0,0,0,0,0,0,0%
10/1/2018,10/13/2018,Kum & Go,"3,253",0,1,1,595,0,0,13,5,0,0,0,0,0,0,0%
10/1/2018,10/14/2018,Kum & Go,"3,253",0,2,2,595,0,0,22,9,0,0,0,0,0,0,0%
10/1/2018,10/15/2018,Kum & Go,"3,253",0,2,2,595,0,0,59,19,1,1,0,0,0,0,1.69%
10/1/2018,10/16/2018,Kum & Go,"3,253",0,2,2,595,0,0,21,8,2,2,0,0,0,0,9.52%
10/1/2018,10/17/2018,Kum & Go,"3,255",2,4,2,595,0,0,15,12,1,1,0,0,0,1,6.67%
10/1/2018,10/18/2018,Kum & Go,"3,255",0,1,1,595,0,0,27,9,0,0,0,0,0,1,0%
10/1/2018,10/19/2018,Kum & Go,"3,260",5,5,0,595,0,0,24,12,1,1,0,0,0,0,4.17%
10/1/2018,10/20/2018,Kum & Go,"3,260",0,0,0,595,0,0,49,9,0,0,0,0,0,0,0%
10/1/2018,10/21/2018,Kum & Go,"3,267",7,7,0,595,0,0,44,20,1,1,0,0,0,2,2.27%
10/1/2018,10/22/2018,Kum & Go,"3,271",4,5,1,595,0,0,65,13,1,1,0,0,0,3,1.54%
10/1/2018,10/23/2018,Kum & Go,"3,270",-1,2,3,595,0,0,19,5,0,0,0,0,0,0,0%
10/1/2018,10/24/2018,Kum & Go,"3,268",-2,1,3,595,0,0,22,10,1,1,0,0,0,0,4.55%
10/1/2018,10/25/2018,Kum & Go,"3,269",1,1,0,595,0,0,70,35,0,0,0,0,0,0,0%
10/1/2018,10/26/2018,Kum & Go,"3,272",3,4,1,595,0,0,29,10,0,0,0,0,0,0,0%
10/1/2018,10/27/2018,Kum & Go,"3,270",-2,0,2,595,0,0,20,7,0,0,0,0,0,1,0%
10/1/2018,10/28/2018,Kum & Go,"3,274",4,4,0,595,0,0,138,44,0,0,0,0,0,0,0%
10/1/2018,10/29/2018,Kum & Go,"3,274",0,0,0,595,0,0,41,19,0,0,0,0,0,1,0%
10/1/2018,10/30/2018,Kum & Go,"3,275",1,1,0,595,0,0,17,12,0,0,0,0,0,0,0%
10/1/2018,10/31/2018,Kum & Go,"3,278",3,6,3,595,0,0,85,41,1,0,1,0,0,2,1.18%
11/1/2018,11/1/2018,Kum & Go,"3,281",3,6,3,595,0,0,82,36,0,0,0,0,0,0,0%
11/1/2018,11/2/2018,Kum & Go,"3,282",1,1,0,595,0,0,8,6,0,0,0,0,0,0,0%
11/1/2018,11/3/2018,Kum & Go,"3,283",1,2,1,595,0,0,43,20,0,0,0,0,0,8,0%
11/1/2018,11/4/2018,Kum & Go,"3,282",-1,3,4,595,0,0,57,17,0,0,0,0,0,2,0%
11/1/2018,11/5/2018,Kum & Go,"3,283",1,2,1,595,0,0,38,21,0,0,0,0,0,1,0%
11/1/2018,11/6/2018,Kum & Go,"3,283",0,2,2,595,0,0,26,14,0,0,0,0,0,1,0%
11/1/2018,11/7/2018,Kum & Go,"3,284",1,5,4,595,0,0,13,6,0,0,0,0,0,1,0%
11/1/2018,11/8/2018,Kum & Go,"3,286",2,2,0,595,0,0,101,47,2,2,0,0,0,0,1.98%
11/1/2018,11/9/2018,Kum & Go,"3,293",7,7,0,595,0,0,107,26,3,1,2,0,0,0,2.80%
11/1/2018,11/10/2018,Kum & Go,"3,292",-1,3,4,595,0,0,33,10,0,0,0,0,0,0,0%
11/1/2018,11/11/2018,Kum & Go,"3,293",1,1,0,595,0,0,19,13,1,1,0,0,0,0,5.26%
11/1/2018,11/12/2018,Kum & Go,"3,292",-1,1,2,595,0,0,28,9,0,0,0,0,0,0,0%
11/1/2018,11/13/2018,Kum & Go,"3,296",4,4,0,595,0,0,22,5,0,0,0,0,0,0,0%
11/1/2018,11/14/2018,Kum & Go,"3,306",10,11,1,595,0,0,193,80,1,1,0,0,0,4,0.52%
11/1/2018,11/15/2018,Kum & Go,"3,309",3,5,2,595,0,0,128,54,2,1,0,1,0,2,1.56%
11/1/2018,11/16/2018,Kum & Go,"3,310",1,1,0,595,0,0,17,12,0,0,0,0,0,0,0%
11/1/2018,11/17/2018,Kum & Go,"3,311",1,1,0,595,0,0,11,8,0,0,0,0,0,0,0%
11/1/2018,11/18/2018,Kum & Go,"3,311",0,0,0,595,0,0,32,11,0,0,0,0,0,0,0%
11/1/2018,11/19/2018,Kum & Go,"3,310",-1,3,4,595,0,0,91,16,0,0,0,0,0,0,0%
11/1/2018,11/20/2018,Kum & Go,"3,312",2,2,0,595,0,0,44,27,4,4,0,0,0,0,9.09%
11/1/2018,11/21/2018,Kum & Go,"3,314",2,2,0,595,0,0,60,16,0,0,0,0,0,0,0%
11/1/2018,11/22/2018,Kum & Go,"3,314",0,2,2,594,-1,0,6,6,0,0,0,0,0,0,0%
11/1/2018,11/23/2018,Kum & Go,"3,312",-2,1,3,594,0,0,21,9,1,1,0,0,0,0,4.76%
11/1/2018,11/24/2018,Kum & Go,"3,314",2,4,2,594,0,0,9,6,0,0,0,0,0,0,0%
11/1/2018,11/25/2018,Kum & Go,"3,314",0,2,2,594,0,0,22,7,0,0,0,0,0,2,0%
11/1/2018,11/26/2018,Kum & Go,"3,315",1,1,0,594,0,0,61,29,2,2,0,0,0,3,3.28%
11/1/2018,11/27/2018,Kum & Go,"3,315",0,1,1,594,0,0,51,17,1,1,0,0,0,0,1.96%
11/1/2018,11/28/2018,Kum & Go,"3,318",3,5,2,594,0,0,29,17,1,1,0,0,0,0,3.45%
11/1/2018,11/29/2018,Kum & Go,"3,319",1,3,2,594,0,0,65,34,1,0,1,0,0,1,1.54%
11/1/2018,11/30/2018,Kum & Go,"3,320",1,3,2,594,0,0,43,14,0,0,0,0,0,2,0%
12/1/2018,12/1/2018,Kum & Go,"3,322",2,3,1,594,0,0,70,25,1,0,0,1,0,3,1.43%
12/1/2018,12/2/2018,Kum & Go,"3,324",2,3,1,594,0,0,40,25,1,0,1,0,0,0,2.50%
12/1/2018,12/3/2018,Kum & Go,"3,326",2,3,1,594,0,0,61,22,1,1,0,0,0,1,1.64%
12/1/2018,12/4/2018,Kum & Go,"3,327",1,3,2,594,0,0,65,38,0,0,0,0,0,1,0%
12/1/2018,12/5/2018,Kum & Go,"3,334",7,8,1,594,0,0,179,64,1,1,0,0,0,3,0.56%
12/1/2018,12/6/2018,Kum & Go,"3,335",1,1,0,594,0,0,39,17,0,0,0,0,0,1,0%
12/1/2018,12/7/2018,Kum & Go,"3,337",2,3,1,594,0,0,24,13,0,0,0,0,0,1,0%
12/1/2018,12/8/2018,Kum & Go,"3,335",-2,1,3,594,0,0,18,13,0,0,0,0,0,1,0%
12/1/2018,12/9/2018,Kum & Go,"3,336",1,2,1,594,0,0,37,13,0,0,0,0,0,1,0%
12/1/2018,12/10/2018,Kum & Go,"3,338",2,2,0,594,0,0,24,16,0,0,0,0,0,1,0%
12/1/2018,12/11/2018,Kum & Go,"3,339",1,2,1,594,0,0,23,11,2,1,1,0,0,2,8.70%
12/1/2018,12/12/2018,Kum & Go,"3,349",10,12,2,594,0,0,109,40,0,0,0,0,0,8,0%
12/1/2018,12/13/2018,Kum & Go,"3,351",2,2,0,594,0,0,120,20,0,0,0,0,0,2,0%
12/1/2018,12/14/2018,Kum & Go,"3,352",1,1,0,594,0,0,25,11,0,0,0,0,0,0,0%
12/1/2018,12/15/2018,Kum & Go,"3,353",1,1,0,594,0,0,13,10,0,0,0,0,0,1,0%
12/1/2018,12/16/2018,Kum & Go,"3,355",2,2,0,594,0,0,38,13,0,0,0,0,0,1,0%
12/1/2018,12/17/2018,Kum & Go,"3,358",3,3,0,593,-1,0,8,6,0,0,0,0,0,0,0%
12/1/2018,12/18/2018,Kum & Go,"3,360",2,3,1,593,0,0,11,8,0,0,0,0,0,0,0%
12/1/2018,12/19/2018,Kum & Go,"3,362",2,3,1,594,1,0,77,31,21,19,0,2,0,2,27.27%
12/1/2018,12/20/2018,Kum & Go,"3,364",2,2,0,595,1,0,132,24,2,2,0,0,0,4,1.52%
12/1/2018,12/21/2018,Kum & Go,"3,365",1,2,1,593,-2,0,60,13,1,1,0,0,0,1,1.67%
12/1/2018,12/22/2018,Kum & Go,"3,366",1,3,2,593,0,0,30,4,0,0,0,0,0,1,0%
12/1/2018,12/23/2018,Kum & Go,"3,364",-2,1,3,593,0,0,143,9,0,0,0,0,0,0,0%
12/1/2018,12/24/2018,Kum & Go,"3,366",2,3,1,593,0,0,34,15,1,0,1,0,0,0,2.94%
12/1/2018,12/25/2018,Kum & Go,"3,369",3,5,2,593,0,0,59,15,3,3,0,0,0,0,5.08%
12/1/2018,12/26/2018,Kum & Go,"3,370",1,2,1,593,0,0,59,12,1,1,0,0,0,0,1.69%
12/1/2018,12/27/2018,Kum & Go,"3,371",1,2,1,593,0,0,44,11,0,0,0,0,0,0,0%
12/1/2018,12/28/2018,Kum & Go,"3,369",-2,1,3,593,0,0,52,10,0,0,0,0,0,0,0%
12/1/2018,12/29/2018,Kum & Go,"3,368",-1,2,3,593,0,0,15,9,1,0,1,0,0,0,6.67%
12/1/2018,12/30/2018,Kum & Go,"3,368",0,1,1,593,0,0,25,9,2,1,1,0,0,0,8%
12/1/2018,12/31/2018,Kum & Go,"3,366",-2,1,3,593,0,0,29,9,0,0,0,0,0,0,0%
1/1/2019,1/1/2019,Kum & Go,"3,366",0,1,1,593,0,0,31,13,1,0,0,1,0,0,3.23%
1/1/2019,1/2/2019,Kum & Go,"3,369",3,3,0,593,0,0,92,17,3,1,0,2,0,0,3.26%
1/1/2019,1/3/2019,Kum & Go,"3,369",0,1,1,593,0,0,37,17,1,1,0,0,0,1,2.70%
1/1/2019,1/4/2019,Kum & Go,"3,369",0,0,0,593,0,0,30,17,0,0,0,0,0,0,0%
1/1/2019,1/5/2019,Kum & Go,"3,369",0,1,1,593,0,0,24,8,0,0,0,0,0,1,0%
1/1/2019,1/6/2019,Kum & Go,"3,371",2,4,2,592,-1,0,26,8,0,0,0,0,0,1,0%
1/1/2019,1/7/2019,Kum & Go,"3,372",1,1,0,592,0,0,34,6,1,1,0,0,0,0,2.94%
1/1/2019,1/8/2019,Kum & Go,"3,372",0,1,1,592,0,0,28,11,0,0,0,0,0,0,0%
1/1/2019,1/9/2019,Kum & Go,"3,378",6,7,1,592,0,0,32,11,0,0,0,0,0,0,0%
1/1/2019,1/10/2019,Kum & Go,"3,380",2,2,0,592,0,0,30,19,0,0,0,0,0,0,0%
1/1/2019,1/11/2019,Kum & Go,"3,379",-1,3,4,592,0,0,17,7,0,0,0,0,0,0,0%
1/1/2019,1/12/2019,Kum & Go,"3,380",1,1,0,591,-1,0,16,11,0,0,0,0,0,0,0%
1/1/2019,1/13/2019,Kum & Go,"3,381",1,3,2,591,0,0,29,10,0,0,0,0,0,0,0%
1/1/2019,1/14/2019,Kum & Go,"3,380",-1,2,3,591,0,0,25,12,0,0,0,0,0,2,0%
1/1/2019,1/15/2019,Kum & Go,"3,386",6,7,1,591,0,0,62,21,1,1,0,0,0,0,1.61%
1/1/2019,1/16/2019,Kum & Go,"3,389",3,4,1,591,0,0,24,15,0,0,0,0,0,0,0%
1/1/2019,1/17/2019,Kum & Go,"3,391",2,2,0,591,0,0,14,10,1,1,0,0,0,2,7.14%
1/1/2019,1/18/2019,Kum & Go,"3,392",1,1,0,591,0,0,9,4,4,4,0,0,0,0,44.44%
1/1/2019,1/19/2019,Kum & Go,"3,395",3,4,1,590,-1,0,20,6,0,0,0,0,0,1,0%
1/1/2019,1/20/2019,Kum & Go,"3,396",1,1,0,590,0,0,56,24,1,1,0,0,0,0,1.79%
1/1/2019,1/21/2019,Kum & Go,"3,395",-1,2,3,590,0,0,13,8,1,1,0,0,0,3,7.69%
1/1/2019,1/22/2019,Kum & Go,"3,394",-1,2,3,590,0,0,11,4,0,0,0,0,0,0,0%
1/1/2019,1/23/2019,Kum & Go,"3,401",7,7,0,590,0,0,175,23,1,1,0,0,0,1,0.57%
1/1/2019,1/24/2019,Kum & Go,"3,402",1,1,0,590,0,0,8,7,0,0,0,0,0,0,0%
1/1/2019,1/25/2019,Kum & Go,"3,402",0,1,1,590,0,0,8,4,1,1,0,0,0,0,12.50%
1/1/2019,1/26/2019,Kum & Go,"3,407",5,5,0,590,0,0,61,24,2,0,2,0,0,0,3.28%
1/1/2019,1/27/2019,Kum & Go,"3,405",-2,1,3,590,0,0,37,9,0,0,0,0,0,0,0%
1/1/2019,1/28/2019,Kum & Go,"3,405",0,1,1,590,0,0,36,12,2,1,1,0,0,0,5.56%
1/1/2019,1/29/2019,Kum & Go,"3,405",0,3,3,590,0,0,19,8,0,0,0,0,0,0,0%
1/1/2019,1/30/2019,Kum & Go,"3,408",3,3,0,590,0,0,14,7,0,0,0,0,0,0,0%
1/1/2019,1/31/2019,Kum & Go,"3,409",1,1,0,590,0,0,14,7,0,0,0,0,0,0,0%
2/1/2019,2/1/2019,Kum & Go,"3,412",3,4,1,590,0,0,250,144,1,1,0,0,0,16,0.40%
2/1/2019,2/2/2019,Kum & Go,"3,417",5,5,0,590,0,0,266,136,3,1,2,0,0,12,1.13%
2/1/2019,2/3/2019,Kum & Go,"3,417",0,3,3,589,-1,0,145,35,0,0,0,0,0,1,0%
2/1/2019,2/4/2019,Kum & Go,"3,418",1,2,1,589,0,0,7,7,1,1,0,0,0,2,14.29%
2/1/2019,2/5/2019,Kum & Go,"3,420",2,2,0,589,0,0,11,5,1,1,0,0,0,0,9.09%
2/1/2019,2/6/2019,Kum & Go,"3,419",-1,1,2,589,0,0,20,5,2,2,0,0,0,0,10%
2/1/2019,2/7/2019,Kum & Go,"3,420",1,1,0,589,0,0,17,8,1,1,0,0,0,0,5.88%
2/1/2019,2/8/2019,Kum & Go,"3,421",1,2,1,589,0,0,33,7,1,1,0,0,0,3,3.03%
2/1/2019,2/9/2019,Kum & Go,"3,423",2,2,0,589,0,0,10,9,0,0,0,0,0,0,0%
2/1/2019,2/10/2019,Kum & Go,"3,427",4,4,0,589,0,0,32,10,1,1,0,0,0,0,3.13%
2/1/2019,2/11/2019,Kum & Go,"3,429",2,3,1,589,0,0,35,21,0,0,0,0,0,0,0%
2/1/2019,2/12/2019,Kum & Go,"3,429",0,3,3,589,0,0,26,15,1,1,0,0,0,0,3.85%
2/1/2019,2/13/2019,Kum & Go,"3,429",0,3,3,589,0,0,60,19,2,0,0,2,0,0,3.33%
2/1/2019,2/14/2019,Kum & Go,"3,432",3,7,4,589,0,1,641,511,26,24,1,1,0,2,4.06%
2/1/2019,2/15/2019,Kum & Go,"3,426",-6,6,12,588,-1,1,"1,669","1,044",96,91,4,1,0,0,5.75%
2/1/2019,2/16/2019,Kum & Go,"3,427",1,2,1,589,1,0,452,271,37,35,1,1,0,0,8.19%
2/1/2019,2/17/2019,Kum & Go,"3,427",0,3,3,589,0,0,148,100,6,6,0,0,0,1,4.05%
2/1/2019,2/18/2019,Kum & Go,"3,425",-2,4,6,589,0,1,"1,120",844,21,19,0,2,0,1,1.88%
2/1/2019,2/19/2019,Kum & Go,"3,430",5,8,3,588,-1,0,253,156,8,8,0,0,0,3,3.16%
2/1/2019,2/20/2019,Kum & Go,"3,432",2,4,2,588,0,0,96,40,2,2,0,0,0,4,2.08%
2/1/2019,2/21/2019,Kum & Go,"3,433",1,7,6,587,-1,1,670,484,19,19,0,0,0,0,2.84%
2/1/2019,2/22/2019,Kum & Go,"3,433",0,1,1,587,0,0,190,135,20,20,0,0,0,0,10.53%
2/1/2019,2/23/2019,Kum & Go,"3,434",1,3,2,587,0,0,78,59,3,2,0,1,0,1,3.85%
2/1/2019,2/24/2019,Kum & Go,"3,437",3,6,3,587,0,1,821,556,2,1,0,1,0,0,0.24%
2/1/2019,2/25/2019,Kum & Go,"3,443",6,6,0,587,0,0,177,95,13,13,0,0,0,0,7.34%
2/1/2019,2/26/2019,Kum & Go,"3,445",2,2,0,587,0,1,922,627,18,18,0,0,0,0,1.95%
2/1/2019,2/27/2019,Kum & Go,"3,446",1,2,1,586,-1,0,195,103,4,4,0,0,0,3,2.05%
2/1/2019,2/28/2019,Kum & Go,"3,448",2,3,1,586,0,0,117,38,1,1,0,0,0,1,0.85%
3/1/2019,3/1/2019,Kum & Go,"3,450",2,5,3,586,0,1,476,313,9,9,0,0,0,0,1.89%
3/1/2019,3/2/2019,Kum & Go,"3,451",1,6,5,586,0,1,875,537,4,4,0,0,0,1,0.46%
3/1/2019,3/3/2019,Kum & Go,"3,451",0,2,2,586,0,0,535,335,36,34,0,2,0,0,6.73%
3/1/2019,3/4/2019,Kum & Go,"3,452",1,3,2,585,-1,0,159,78,2,2,0,0,0,1,1.26%
3/1/2019,3/5/2019,Kum & Go,"3,455",3,5,2,585,0,1,799,600,15,15,0,0,0,0,1.88%
3/1/2019,3/6/2019,Kum & Go,"3,456",1,2,1,587,2,0,255,204,25,22,0,3,0,0,9.80%
3/1/2019,3/7/2019,Kum & Go,"3,458",2,2,0,587,0,0,66,52,1,1,0,0,0,0,1.52%
3/1/2019,3/8/2019,Kum & Go,"3,460",2,5,3,587,0,1,"1,403",896,52,48,2,2,0,0,3.71%
3/1/2019,3/9/2019,Kum & Go,"3,459",-1,3,4,587,0,0,217,145,2,2,0,0,0,2,0.92%
3/1/2019,3/10/2019,Kum & Go,"3,464",5,5,0,587,0,1,922,640,24,22,2,0,0,2,2.60%
3/1/2019,3/11/2019,Kum & Go,"3,464",0,2,2,587,0,1,"1,011",620,29,29,0,0,0,2,2.87%
3/1/2019,3/12/2019,Kum & Go,"3,468",4,5,1,587,0,0,244,122,3,3,0,0,0,0,1.23%
3/1/2019,3/13/2019,Kum & Go,"3,473",5,5,0,586,-1,0,176,51,7,7,0,0,0,1,3.98%
3/1/2019,3/14/2019,Kum & Go,"3,474",1,3,2,587,1,1,460,307,9,9,0,0,0,0,1.96%
3/1/2019,3/15/2019,Kum & Go,"3,474",0,2,2,587,0,0,134,95,9,8,1,0,0,0,6.72%
3/1/2019,3/16/2019,Kum & Go,"3,477",3,3,0,587,0,1,775,479,1,1,0,0,0,0,0.13%
3/1/2019,3/17/2019,Kum & Go,"3,484",7,7,0,587,0,0,194,146,38,34,1,3,0,3,19.59%
3/1/2019,3/18/2019,Kum & Go,"3,484",0,2,2,587,0,0,84,31,2,2,0,0,0,1,2.38%
3/1/2019,3/19/2019,Kum & Go,"3,485",1,3,2,587,0,0,86,22,1,1,0,0,0,0,1.16%
3/1/2019,3/20/2019,Kum & Go,"3,489",4,4,0,587,0,0,316,147,0,0,0,0,0,33,0%
3/1/2019,3/21/2019,Kum & Go,"3,495",6,8,2,587,0,0,139,52,2,1,0,1,0,5,1.44%
3/1/2019,3/22/2019,Kum & Go,"3,494",-1,2,3,587,0,1,560,371,15,14,1,0,0,0,2.68%
3/1/2019,3/23/2019,Kum & Go,"3,494",0,3,3,587,0,0,198,153,2,2,0,0,0,0,1.01%
3/1/2019,3/24/2019,Kum & Go,"3,496",2,2,0,587,0,0,111,58,1,1,0,0,0,0,0.90%
3/1/2019,3/25/2019,Kum & Go,"3,496",0,4,4,587,0,0,84,32,9,9,0,0,0,0,10.71%
3/1/2019,3/26/2019,Kum & Go,"3,497",1,3,2,587,0,1,793,559,24,23,0,1,0,0,3.03%
3/1/2019,3/27/2019,Kum & Go,"3,500",3,4,1,587,0,1,714,449,24,23,1,0,0,0,3.36%
3/1/2019,3/28/2019,Kum & Go,"3,506",6,7,1,587,0,0,161,105,6,6,0,0,0,0,3.73%
3/1/2019,3/29/2019,Kum & Go,"3,510",4,5,1,587,0,0,70,42,0,0,0,0,0,0,0%
3/1/2019,3/30/2019,Kum & Go,"3,514",4,4,0,587,0,0,59,28,0,0,0,0,0,2,0%
3/1/2019,3/31/2019,Kum & Go,"3,519",5,5,0,587,0,0,85,33,0,0,0,0,0,2,0%
4/1/2019,4/1/2019,Kum & Go,"3,524",5,7,2,587,0,1,795,571,45,33,11,1,0,1,5.66%
4/1/2019,4/2/2019,Kum & Go,"3,528",4,4,0,587,0,0,231,132,29,27,2,0,0,2,12.55%
4/1/2019,4/3/2019,Kum & Go,"3,526",-2,3,5,587,0,1,625,348,42,41,0,1,0,1,6.72%
4/1/2019,4/4/2019,Kum & Go,"3,527",1,4,3,587,0,0,193,109,8,8,0,0,0,3,4.15%
4/1/2019,4/5/2019,Kum & Go,"3,532",5,6,1,587,0,0,129,58,3,2,0,1,0,0,2.33%
4/1/2019,4/6/2019,Kum & Go,"3,535",3,3,0,587,0,0,140,50,0,0,0,0,0,0,0%
4/1/2019,4/7/2019,Kum & Go,"3,540",5,5,0,587,0,0,76,30,1,1,0,0,0,2,1.32%
4/1/2019,4/8/2019,Kum & Go,"3,545",5,5,0,587,0,0,57,21,0,0,0,0,0,1,0%
4/1/2019,4/9/2019,Kum & Go,"3,545",0,4,4,587,0,1,812,556,26,26,0,0,0,4,3.20%
4/1/2019,4/10/2019,Kum & Go,"3,549",4,8,4,586,-1,1,"1,114",587,39,32,7,0,0,6,3.50%
4/1/2019,4/11/2019,Kum & Go,"3,550",1,2,1,586,0,0,182,100,5,5,0,0,0,0,2.75%
4/1/2019,4/12/2019,Kum & Go,"3,553",3,3,0,586,0,0,102,36,1,1,0,0,0,0,0.98%
4/1/2019,4/13/2019,Kum & Go,"3,552",-1,3,4,586,0,0,52,24,2,2,0,0,0,0,3.85%
4/1/2019,4/14/2019,Kum & Go,"3,552",0,2,2,586,0,0,80,33,0,0,0,0,0,1,0%
4/1/2019,4/15/2019,Kum & Go,"3,551",-1,0,1,586,0,1,796,573,28,27,1,0,0,1,3.52%
4/1/2019,4/16/2019,Kum & Go,"3,559",8,8,0,586,0,0,202,136,10,8,2,0,0,3,4.95%
4/1/2019,4/17/2019,Kum & Go,"3,566",7,7,0,586,0,0,245,81,1,1,0,0,0,1,0.41%
4/1/2019,4/18/2019,Kum & Go,"3,569",4,4,0,,,0,120,42,1,1,0,0,0,1,0.83%
4/1/2019,4/19/2019,Kum & Go,"3,570",1,1,0,586,,0,41,21,0,0,0,0,0,0,0%
4/1/2019,4/20/2019,Kum & Go,"3,575",5,5,0,587,1,1,553,363,6,5,0,1,0,1,1.08%
4/1/2019,4/21/2019,Kum & Go,"3,581",6,6,0,587,0,0,212,123,12,11,0,1,0,4,5.66%
4/1/2019,4/22/2019,Kum & Go,"3,582",1,2,1,587,0,0,96,52,2,2,0,0,0,0,2.08%
4/1/2019,4/23/2019,Kum & Go,"3,587",5,8,3,587,0,0,73,32,0,0,0,0,0,0,0%
4/1/2019,4/24/2019,Kum & Go,"3,593",6,7,1,587,0,0,80,36,0,0,0,0,0,0,0%
4/1/2019,4/25/2019,Kum & Go,"3,594",1,4,3,587,0,0,52,22,0,0,0,0,0,0,0%
4/1/2019,4/26/2019,Kum & Go,"3,598",4,4,0,587,0,0,35,18,0,0,0,0,0,0,0%
4/1/2019,4/27/2019,Kum & Go,"3,600",2,2,0,587,0,0,35,18,0,0,0,0,0,2,0%
4/1/2019,4/28/2019,Kum & Go,"3,605",5,7,2,587,0,0,102,21,0,0,0,0,0,4,0%
4/1/2019,4/29/2019,Kum & Go,"3,605",0,1,1,587,0,0,21,16,0,0,0,0,0,0,0%
4/1/2019,4/30/2019,Kum & Go,"3,606",1,1,0,586,-1,0,39,22,0,0,0,0,0,0,0%
5/1/2019,5/1/2019,Kum & Go,"3,609",3,5,2,586,0,1,813,550,29,27,1,1,0,3,3.57%
5/1/2019,5/2/2019,Kum & Go,"3,613",4,5,1,586,0,0,310,148,18,17,0,1,0,1,5.81%
5/1/2019,5/3/2019,Kum & Go,"3,618",5,7,2,586,0,0,76,52,0,0,0,0,0,0,0%
5/1/2019,5/4/2019,Kum & Go,"3,618",0,2,2,586,0,1,546,379,27,25,2,0,0,3,4.95%
5/1/2019,5/5/2019,Kum & Go,"3,622",4,5,1,586,0,0,183,114,2,2,0,0,0,0,1.09%
5/1/2019,5/6/2019,Kum & Go,"3,623",1,1,0,586,0,0,84,49,3,2,1,0,0,0,3.57%
5/1/2019,5/7/2019,Kum & Go,"3,620",-3,3,6,586,0,0,72,26,1,1,0,0,0,1,1.39%
5/1/2019,5/8/2019,Kum & Go,"3,626",6,7,1,586,0,1,839,587,21,21,0,0,0,0,2.50%
5/1/2019,5/9/2019,Kum & Go,"3,631",5,7,2,586,0,0,231,142,14,13,0,1,0,1,6.06%
5/1/2019,5/10/2019,Kum & Go,"3,639",7,7,0,,,0,186,50,3,3,0,0,0,0,1.61%
5/1/2019,5/11/2019,Kum & Go,"3,642",3,3,0,,,0,68,29,2,2,0,0,0,0,2.94%
5/1/2019,5/12/2019,Kum & Go,"3,648",6,6,0,,,0,53,21,0,0,0,0,0,1,0%
5/1/2019,5/13/2019,Kum & Go,"3,653",5,5,0,586,,0,74,13,1,1,0,0,0,0,1.35%
5/1/2019,5/14/2019,Kum & Go,"3,655",2,4,2,586,0,0,54,16,2,2,0,0,0,0,3.70%
5/1/2019,5/15/2019,Kum & Go,"3,663",8,9,1,586,0,0,22,9,1,1,0,0,0,1,4.55%
5/1/2019,5/16/2019,Kum & Go,"3,667",4,5,1,586,0,0,84,30,2,1,0,1,0,2,2.38%
5/1/2019,5/17/2019,Kum & Go,"3,673",6,8,2,586,0,0,42,15,2,0,2,0,0,0,4.76%
5/1/2019,5/18/2019,Kum & Go,"3,676",3,4,1,586,0,0,27,12,0,0,0,0,0,1,0%
5/1/2019,5/19/2019,Kum & Go,"3,677",1,3,2,586,0,0,60,26,0,0,0,0,0,1,0%
5/1/2019,5/20/2019,Kum & Go,"3,675",-2,2,4,586,0,0,88,25,0,0,0,0,0,0,0%
5/1/2019,5/21/2019,Kum & Go,"3,674",-1,1,2,586,0,0,34,13,0,0,0,0,0,0,0%
5/1/2019,5/22/2019,Kum & Go,"3,676",2,3,1,586,0,0,40,18,0,0,0,0,0,2,0%
5/1/2019,5/23/2019,Kum & Go,"3,678",2,4,2,586,0,0,68,20,0,0,0,0,0,1,0%
5/1/2019,5/24/2019,Kum & Go,"3,676",-2,2,4,586,0,0,5,4,0,0,0,0,0,0,0%
5/1/2019,5/25/2019,Kum & Go,"3,673",-3,5,8,586,0,0,31,7,0,0,0,0,0,0,0%
5/1/2019,5/26/2019,Kum & Go,"3,676",3,4,1,586,0,0,34,7,0,0,0,0,0,1,0%
5/1/2019,5/27/2019,Kum & Go,"3,678",2,4,2,586,0,0,16,8,0,0,0,0,0,0,0%
5/1/2019,5/28/2019,Kum & Go,"3,678",0,1,1,586,0,0,19,11,0,0,0,0,0,0,0%
5/1/2019,5/29/2019,Kum & Go,"3,678",0,4,4,586,0,0,88,12,0,0,0,0,0,1,0%
5/1/2019,5/30/2019,Kum & Go,"3,684",6,6,0,586,0,0,121,34,0,0,0,0,0,1,0%
5/1/2019,5/31/2019,Kum & Go,"3,686",2,6,4,586,0,0,25,10,0,0,0,0,0,1,0%
6/1/2019,6/1/2019,Kum & Go,"3,690",4,5,1,586,0,0,22,4,0,0,0,0,0,0,0%
6/1/2019,6/2/2019,Kum & Go,"3,690",0,3,3,586,0,0,56,8,0,0,0,0,0,0,0%
6/1/2019,6/3/2019,Kum & Go,"3,694",4,5,1,586,0,0,31,15,7,2,5,0,0,2,22.58%
6/1/2019,6/4/2019,Kum & Go,"3,695",1,2,1,586,0,0,25,14,0,0,0,0,0,1,0%
6/1/2019,6/5/2019,Kum & Go,"3,696",1,2,1,586,0,0,53,15,3,3,0,0,0,1,5.66%
6/1/2019,6/6/2019,Kum & Go,"3,701",5,6,1,586,0,0,50,10,0,0,0,0,0,0,0%
6/1/2019,6/7/2019,Kum & Go,"3,705",4,5,1,586,0,0,53,22,1,1,0,0,0,0,1.89%
6/1/2019,6/8/2019,Kum & Go,"3,707",2,3,1,586,0,0,54,9,0,0,0,0,0,0,0%
6/1/2019,6/9/2019,Kum & Go,"3,708",1,3,2,586,0,0,33,11,0,0,0,0,0,1,0%
6/1/2019,6/10/2019,Kum & Go,"3,713",5,6,1,586,0,0,69,16,0,0,0,0,0,1,0%
6/1/2019,6/11/2019,Kum & Go,"3,714",1,3,2,586,0,0,71,17,0,0,0,0,0,1,0%
6/1/2019,6/12/2019,Kum & Go,"3,720",10,10,0,,,0,114,32,0,0,0,0,0,2,0%
6/1/2019,6/13/2019,Kum & Go,"3,726",6,6,0,587,,0,35,12,0,0,0,0,0,0,0%
6/1/2019,6/14/2019,Kum & Go,"3,728",2,2,0,587,0,0,65,15,0,0,0,0,0,0,0%
6/1/2019,6/15/2019,Kum & Go,"3,730",2,5,3,587,0,0,25,10,0,0,0,0,0,0,0%
6/1/2019,6/16/2019,Kum & Go,"3,730",0,0,0,587,0,0,27,10,0,0,0,0,0,0,0%
6/1/2019,6/17/2019,Kum & Go,"3,748",18,24,6,586,-1,2,"1,266",703,0,0,0,0,0,6,0%
6/1/2019,6/18/2019,Kum & Go,"3,809",61,64,3,584,-2,2,"4,571","2,542",120,101,10,2,7,3,2.63%
6/1/2019,6/19/2019,Kum & Go,"3,862",53,61,8,578,-6,5,"9,741","2,231",499,294,196,8,1,4,5.12%
6/1/2019,6/20/2019,Kum & Go,"3,895",33,33,0,441,-137,1,"5,452","1,637",568,376,178,14,0,4,10.42%
6/1/2019,6/21/2019,Kum & Go,"3,934",39,40,1,436,-5,4,"13,832","5,416",226,178,45,0,3,8,1.63%
6/1/2019,6/22/2019,Kum & Go,"3,954",20,20,0,436,0,4,"9,024","5,121",200,177,18,3,2,8,2.22%
6/1/2019,6/23/2019,Kum & Go,"3,961",7,15,8,433,-3,2,"4,475","2,322",39,35,3,1,0,2,0.87%
6/1/2019,6/24/2019,Kum & Go,"3,978",17,18,1,426,-7,2,"2,721","1,049",152,138,9,5,0,0,5.59%
6/1/2019,6/25/2019,Kum & Go,"3,987",9,10,1,422,-4,0,"1,902",803,147,141,4,2,0,3,7.73%
6/1/2019,6/26/2019,Kum & Go,"3,993",6,7,1,421,-1,6,"3,230","1,254",22,18,0,2,2,3,0.68%
6/1/2019,6/27/2019,Kum & Go,"4,010",17,18,1,422,1,0,"7,106","4,837",219,199,16,4,0,9,3.08%
6/1/2019,6/28/2019,Kum & Go,"4,048",38,42,4,420,-2,4,"18,152","13,101",134,117,14,2,1,18,0.74%
6/1/2019,6/29/2019,Kum & Go,"4,068",20,20,0,414,-6,12,"25,357","18,380",109,96,9,3,1,17,0.43%
6/1/2019,6/30/2019,Kum & Go,"4,080",12,20,8,410,-4,6,"22,128","14,935",40,33,0,1,6,13,0.18%
7/1/2019,7/1/2019,Kum & Go,"4,098",18,21,3,407,-3,0,"14,504","11,168",124,115,7,2,0,8,0.85%
7/1/2019,7/2/2019,Kum & Go,"4,111",13,14,1,409,2,2,"7,229","5,732",27,22,1,3,1,1,0.37%
7/1/2019,7/3/2019,Kum & Go,"4,122",11,11,0,409,0,1,"5,795","4,324",49,45,4,0,0,3,0.85%
7/1/2019,7/4/2019,Kum & Go,"4,128",6,7,1,409,0,2,"6,188","4,848",31,29,0,0,2,3,0.50%
7/1/2019,7/5/2019,Kum & Go,"4,166",38,42,4,400,-9,2,"9,789","7,103",409,309,94,5,1,6,4.18%
7/1/2019,7/6/2019,Kum & Go,"4,184",18,18,0,399,-1,0,"6,046","5,361",110,63,43,4,0,1,1.82%
7/1/2019,7/7/2019,Kum & Go,"4,194",10,10,0,399,0,0,"5,051","4,365",27,15,12,0,0,1,0.53%
7/1/2019,7/8/2019,Kum & Go,"4,205",11,13,2,399,0,0,"4,580","4,046",8,6,2,0,0,5,0.17%
7/1/2019,7/9/2019,Kum & Go,"4,222",17,24,7,398,-1,2,"4,528","2,959",27,9,17,0,1,3,0.60%
7/1/2019,7/10/2019,Kum & Go,"4,231",9,10,1,398,0,0,"7,236","3,493",158,144,11,3,0,9,2.18%
7/1/2019,7/11/2019,Kum & Go,"4,241",10,13,3,395,-3,2,"6,109","3,696",162,153,4,4,1,4,2.65%
7/1/2019,7/12/2019,Kum & Go,"4,246",5,5,0,392,-3,11,"9,431","3,996",50,42,1,0,7,0,0.53%
7/1/2019,7/13/2019,Kum & Go,"4,248",2,6,4,390,-2,2,"5,080","3,376",9,8,1,0,0,0,0.18%
7/1/2019,7/14/2019,Kum & Go,"4,259",11,13,2,386,-4,1,"6,398","4,588",6,5,0,1,0,5,0.09%
7/1/2019,7/15/2019,Kum & Go,"4,264",5,10,5,386,0,1,"5,280","3,795",69,64,4,1,0,5,1.31%
7/1/2019,7/16/2019,Kum & Go,"4,272",8,10,2,385,-1,1,"4,830","3,221",5,5,0,0,0,3,0.10%
7/1/2019,7/17/2019,Kum & Go,"4,274",2,4,2,385,0,3,"6,364","4,785",122,115,6,0,1,2,1.92%
7/1/2019,7/18/2019,Kum & Go,"4,273",-1,4,5,382,-3,3,"6,160","4,616",21,17,0,0,4,0,0.34%
7/1/2019,7/19/2019,Kum & Go,"4,280",7,9,2,380,-2,1,"5,821","4,307",155,149,5,1,0,4,2.66%
7/1/2019,7/20/2019,Kum & Go,"4,285",5,5,0,377,-3,1,"5,180","4,607",20,18,0,0,2,2,0.39%
7/1/2019,7/21/2019,Kum & Go,"4,289",4,7,3,376,-1,1,"4,674","4,010",0,0,0,0,0,1,0%
7/1/2019,7/22/2019,Kum & Go,"4,294",5,7,2,376,0,2,"6,274","5,182",2,2,0,0,0,3,0.03%
7/1/2019,7/23/2019,Kum & Go,"4,329",35,38,3,375,-1,2,"10,654","7,581",375,178,191,6,0,9,3.52%
7/1/2019,7/24/2019,Kum & Go,"4,340",11,18,7,371,-4,1,"9,039","7,279",104,44,56,4,0,5,1.15%
7/1/2019,7/25/2019,Kum & Go,"4,369",29,32,3,372,1,24,"20,948","7,102",195,158,14,4,19,4,0.93%
7/1/2019,7/26/2019,Kum & Go,"4,379",10,10,0,373,1,3,"9,962","6,037",58,52,4,1,1,2,0.58%
7/1/2019,7/27/2019,Kum & Go,"4,389",10,14,4,373,0,0,"8,007","6,116",56,48,7,1,0,5,0.70%
7/1/2019,7/28/2019,Kum & Go,"4,396",7,8,1,369,-4,3,"8,605","6,047",5,3,0,0,2,2,0.06%
7/1/2019,7/29/2019,Kum & Go,"4,407",11,14,3,369,0,0,"7,280","4,734",34,22,12,0,0,14,0.47%
7/1/2019,7/30/2019,Kum & Go,"4,413",6,7,1,369,0,1,"8,040","5,253",3,3,0,0,0,10,0.04%
7/1/2019,7/31/2019,Kum & Go,"4,420",7,11,4,369,0,0,"6,305","5,195",106,97,8,1,0,7,1.68%
8/1/2019,8/1/2019,Kum & Go,"4,424",4,6,2,369,0,3,"8,836","6,184",104,92,8,2,2,7,1.18%
8/1/2019,8/2/2019,Kum & Go,"4,428",4,4,0,367,-2,0,"7,706","6,405",123,120,1,2,0,2,1.60%
8/1/2019,8/3/2019,Kum & Go,"4,429",1,2,1,368,1,0,"7,403","6,469",12,10,2,0,0,1,0.16%
8/1/2019,8/4/2019,Kum & Go,"4,436",7,8,1,368,0,1,"7,596","6,469",3,3,0,0,0,8,0.04%
8/1/2019,8/5/2019,Kum & Go,"4,433",-3,2,5,368,0,0,"8,202","7,410",2,1,0,1,0,3,0.02%
8/1/2019,8/6/2019,Kum & Go,"4,442",9,11,2,368,0,0,"6,602","5,335",2,2,0,0,0,0,0.03%
8/1/2019,8/7/2019,Kum & Go,"4,461",19,21,2,368,0,0,"2,077","1,501",4,4,0,0,0,1,0.19%
8/1/2019,8/8/2019,Kum & Go,"4,467",6,9,3,366,-2,2,"4,347","2,181",49,33,14,2,0,6,1.13%
8/1/2019,8/9/2019,Kum & Go,"4,473",6,8,2,366,0,7,"6,344","2,395",169,154,10,1,4,3,2.66%
8/1/2019,8/10/2019,Kum & Go,"4,477",4,6,2,366,0,0,"4,103","2,276",51,43,7,1,0,4,1.24%
8/1/2019,8/11/2019,Kum & Go,"4,481",4,10,6,367,1,1,"2,955","1,825",7,7,0,0,0,1,0.24%
8/1/2019,8/12/2019,Kum & Go,"4,488",7,9,2,367,0,1,"2,828","1,478",2,0,0,0,2,3,0.07%
8/1/2019,8/13/2019,Kum & Go,"4,506",18,22,4,371,4,10,"10,366","2,963",14,8,0,1,5,6,0.14%
8/1/2019,8/14/2019,Kum & Go,"4,519",13,19,6,368,-3,14,"16,223","4,869",197,179,12,1,5,4,1.21%
8/1/2019,8/15/2019,Kum & Go,"4,527",8,8,0,369,1,0,"11,565","6,803",165,150,13,2,0,3,1.43%
8/1/2019,8/16/2019,Kum & Go,"4,540",13,15,2,369,0,32,"21,857","7,159",40,28,0,1,11,2,0.18%
8/1/2019,8/17/2019,Kum & Go,"4,547",7,11,4,136,-233,26,"21,267","8,572",85,73,3,4,5,3,0.40%
8/1/2019,8/18/2019,Kum & Go,"4,554",7,12,5,136,0,16,"20,416","6,994",6,1,1,0,4,2,0.03%
8/1/2019,8/19/2019,Kum & Go,"4,565",11,17,6,135,-1,0,"11,771","3,636",314,304,9,1,0,6,2.67%
8/1/2019,8/20/2019,Kum & Go,"4,574",9,10,1,135,0,25,"9,427","1,476",89,84,2,2,1,3,0.94%
8/1/2019,8/21/2019,Kum & Go,"4,582",8,9,1,136,1,5,"31,663","25,587",53,47,1,0,5,4,0.17%
8/1/2019,8/22/2019,Kum & Go,"4,588",6,10,4,136,0,23,"55,931","40,186",46,40,1,0,5,4,0.08%
8/1/2019,8/23/2019,Kum & Go,"4,591",3,5,2,136,0,0,"12,044","9,040",240,226,9,5,0,1,1.99%
8/1/2019,8/24/2019,Kum & Go,"4,596",5,6,1,136,0,0,872,524,9,9,0,0,0,0,1.03%
8/1/2019,8/25/2019,Kum & Go,"4,601",5,7,2,136,0,0,862,352,0,0,0,0,0,0,0%
8/1/2019,8/26/2019,Kum & Go,"4,611",10,10,0,136,0,1,"2,824","1,316",21,20,0,1,0,2,0.74%
8/1/2019,8/27/2019,Kum & Go,"4,601",7,7,0,,,1,"2,706","1,412",173,159,14,0,0,4,6.39%
8/1/2019,8/28/2019,Kum & Go,"4,606",5,5,0,,,0,"18,750","16,135",31,30,0,1,0,0,0.17%
8/1/2019,8/29/2019,Kum & Go,"4,613",7,7,0,,,0,"21,452","20,381",9,8,1,0,0,2,0.04%
8/1/2019,8/30/2019,Kum & Go,"4,620",7,7,0,136,,1,"1,951","1,198",31,28,3,0,0,0,1.59%
8/1/2019,8/31/2019,Kum & Go,"4,627",7,9,2,137,1,1,"1,961",940,139,136,2,1,0,0,7.09%
9/1/2019,9/1/2019,Kum & Go,"4,635",8,11,3,136,-1,2,"4,085","1,205",141,139,1,1,0,4,3.45%
9/1/2019,9/2/2019,Kum & Go,"4,639",4,6,2,136,0,1,"3,137","1,173",26,25,0,1,0,3,0.83%
9/1/2019,9/3/2019,Kum & Go,"4,642",3,8,5,136,0,1,"7,695","4,532",202,192,7,3,0,6,2.63%
9/1/2019,9/4/2019,Kum & Go,"4,649",7,8,1,136,0,9,"13,619","5,545",247,226,18,2,1,1,1.81%
9/1/2019,9/5/2019,Kum & Go,"4,656",7,9,2,135,-1,0,"4,093","2,421",44,44,0,0,0,2,1.08%
9/1/2019,9/6/2019,Kum & Go,"4,659",3,5,2,135,0,2,"7,464","5,170",116,113,1,2,0,0,1.55%
9/1/2019,9/7/2019,Kum & Go,"4,665",6,7,1,135,0,0,"18,012","14,936",81,76,5,0,0,3,0.45%
9/1/2019,9/8/2019,Kum & Go,"4,669",4,9,5,137,2,1,"14,467","10,901",8,7,1,0,0,2,0.06%
9/1/2019,9/9/2019,Kum & Go,"4,686",17,24,7,137,0,2,"9,353","4,827",77,75,1,0,1,5,0.82%
9/1/2019,9/10/2019,Kum & Go,"4,703",17,17,0,137,0,3,"11,417","7,623",221,208,10,3,0,4,1.94%
9/1/2019,9/11/2019,Kum & Go,"4,710",7,11,4,137,0,1,"13,642","10,703",89,89,0,0,0,1,0.65%
9/1/2019,9/12/2019,Kum & Go,"4,716",6,9,3,137,0,6,"13,176","10,035",131,125,3,3,0,0,0.99%
9/1/2019,9/13/2019,Kum & Go,"4,718",2,7,5,137,0,1,"10,779","7,213",191,180,8,3,0,0,1.77%
9/1/2019,9/14/2019,Kum & Go,"4,725",7,7,0,137,0,1,"13,178","9,971",88,83,3,2,0,8,0.67%
9/1/2019,9/15/2019,Kum & Go,"4,724",-1,8,9,137,0,1,"15,046","10,765",28,28,0,0,0,4,0.19%
9/1/2019,9/16/2019,Kum & Go,"4,730",6,9,3,137,0,1,"9,550","6,286",232,226,5,1,0,6,2.43%
9/1/2019,9/17/2019,Kum & Go,"4,738",8,13,5,137,0,1,"6,148","4,291",144,132,9,3,0,3,2.34%
9/1/2019,9/18/2019,Kum & Go,"4,749",11,14,3,137,0,1,"17,351","11,697",126,121,2,3,0,3,0.73%
9/1/2019,9/19/2019,Kum & Go,"4,755",6,9,3,137,0,1,"11,255","8,492",82,79,3,0,0,2,0.73%
9/1/2019,9/20/2019,Kum & Go,"4,761",6,6,0,137,0,0,"7,139","5,620",56,52,4,0,0,1,0.78%
9/1/2019,9/21/2019,Kum & Go,"4,765",4,5,1,137,0,1,"9,106","6,971",70,67,2,1,0,2,0.77%
9/1/2019,9/22/2019,Kum & Go,"4,767",2,5,3,137,0,0,"8,305","6,066",18,16,1,1,0,0,0.22%
9/1/2019,9/23/2019,Kum & Go,"4,778",11,15,4,137,0,1,"6,670","4,451",82,81,1,0,0,1,1.23%
9/1/2019,9/24/2019,Kum & Go,"4,785",7,10,3,143,6,1,"8,253","6,217",104,101,1,2,0,3,1.26%
9/1/2019,9/25/2019,Kum & Go,"4,790",5,6,1,143,0,1,"7,991","4,880",88,85,3,0,0,0,1.10%
9/1/2019,9/26/2019,Kum & Go,"4,795",5,6,1,143,0,1,"5,793","4,451",31,26,5,0,0,1,0.54%
9/1/2019,9/27/2019,Kum & Go,"4,799",4,6,2,143,0,1,"5,264","3,618",179,170,8,1,0,0,3.40%
9/1/2019,9/28/2019,Kum & Go,"4,858",59,81,22,145,2,15,"20,407","9,602",293,203,74,1,15,5,1.44%
9/1/2019,9/29/2019,Kum & Go,"4,861",3,10,7,145,0,0,"8,255","5,930",48,28,20,0,0,1,0.58%
9/1/2019,9/30/2019,Kum & Go,"4,871",10,15,5,145,0,3,"7,634","3,982",17,14,3,0,0,1,0.22%
10/1/2019,10/1/2019,Kum & Go,"4,897",26,26,0,145,0,1,"10,158","6,133",142,126,16,0,0,0,1.40%
10/1/2019,10/2/2019,Kum & Go,"4,901",4,8,4,145,0,0,"5,768","4,188",87,71,16,0,0,2,1.51%
10/1/2019,10/3/2019,Kum & Go,"4,923",22,27,5,147,2,2,"11,945","6,244",103,89,13,1,0,10,0.86%
10/1/2019,10/4/2019,Kum & Go,"4,932",9,9,0,148,1,6,"8,277","4,880",244,227,14,2,1,2,2.95%
10/1/2019,10/5/2019,Kum & Go,"4,933",1,3,2,148,0,1,"9,528","6,411",119,108,11,0,0,0,1.25%
10/1/2019,10/6/2019,Kum & Go,"4,933",0,4,4,148,0,3,"7,667","4,913",15,14,1,0,0,1,0.20%
10/1/2019,10/7/2019,Kum & Go,"4,934",1,6,5,148,0,0,"4,143","3,006",63,60,1,2,0,4,1.52%
10/1/2019,10/8/2019,Kum & Go,"4,944",10,10,0,148,0,1,"5,434","3,666",147,143,4,0,0,2,2.71%
10/1/2019,10/9/2019,Kum & Go,"4,949",5,7,2,148,0,36,"22,919","7,478",44,31,0,0,13,1,0.19%
10/1/2019,10/10/2019,Kum & Go,"5,022",73,77,4,148,0,28,"38,400","8,377",72,59,0,1,12,6,0.19%
10/1/2019,10/11/2019,Kum & Go,"5,027",5,12,7,149,1,2,"11,156","5,373",73,71,0,1,1,12,0.65%
10/1/2019,10/12/2019,Kum & Go,"5,030",3,3,0,149,0,0,"10,833","7,626",46,43,2,1,0,2,0.42%
10/1/2019,10/13/2019,Kum & Go,"5,037",7,7,0,149,0,1,"11,092","8,598",8,8,0,0,0,0,0.07%
10/1/2019,10/14/2019,Kum & Go,"5,041",4,7,3,149,0,0,"11,978","9,366",170,161,3,6,0,0,1.42%
10/1/2019,10/15/2019,Kum & Go,"5,040",-1,1,2,149,0,1,"10,880","7,834",176,117,58,1,0,2,1.62%
10/1/2019,10/16/2019,Kum & Go,"5,093",53,59,6,148,-1,3,"9,206","4,827",78,61,13,3,1,8,0.85%
10/1/2019,10/17/2019,Kum & Go,"5,114",21,23,2,148,0,1,"8,197","5,407",500,233,264,3,0,6,6.10%
10/1/2019,10/18/2019,Kum & Go,"5,120",6,10,4,148,0,5,"14,026","8,288",345,262,70,2,11,0,2.46%
10/1/2019,10/19/2019,Kum & Go,"5,124",4,8,4,148,0,1,"12,228","8,858",133,113,19,1,0,1,1.09%
10/1/2019,10/20/2019,Kum & Go,"5,131",7,10,3,148,0,1,"9,537","7,036",16,15,1,0,0,6,0.17%
10/1/2019,10/21/2019,Kum & Go,"5,135",4,8,4,148,0,27,"21,671","6,178",380,348,13,14,5,3,1.75%
10/1/2019,10/22/2019,Kum & Go,"5,144",9,11,2,148,0,20,"23,176","6,278",91,86,0,2,3,4,0.39%
10/1/2019,10/23/2019,Kum & Go,"5,147",3,10,7,148,0,6,"10,528","4,655",127,115,11,1,0,9,1.21%
10/1/2019,10/24/2019,Kum & Go,"5,180",33,33,0,149,1,26,"21,382","4,127",29,23,0,0,6,1,0.14%
10/1/2019,10/25/2019,Kum & Go,"5,181",1,6,5,149,0,2,"8,385","5,237",57,55,2,0,0,0,0.68%
10/1/2019,10/26/2019,Kum & Go,"5,182",1,4,3,149,0,1,"5,227","3,654",152,104,47,1,0,2,2.91%
10/1/2019,10/27/2019,Kum & Go,"5,184",2,5,3,149,0,1,"4,401","2,341",93,55,37,1,0,12,2.11%
10/1/2019,10/28/2019,Kum & Go,"5,199",15,17,2,150,1,1,"5,636","2,427",135,78,54,3,0,9,2.40%
10/1/2019,10/29/2019,Kum & Go,"5,200",1,4,3,150,0,9,"9,293","1,998",287,177,96,12,2,4,3.09%
10/1/2019,10/30/2019,Kum & Go,"5,198",-2,5,7,150,0,12,"10,233","1,964",356,154,192,3,7,0,3.48%
10/1/2019,10/31/2019,Kum & Go,"5,210",12,15,3,151,1,16,"17,341","2,573",259,196,51,3,9,9,1.49%
11/1/2019,11/1/2019,Kum & Go,"5,212",2,5,3,151,0,1,"7,348","3,076",277,227,46,4,0,3,3.77%
11/1/2019,11/2/2019,Kum & Go,"5,214",2,3,1,151,0,1,"3,887","2,507",51,46,5,0,0,1,1.31%
11/1/2019,11/3/2019,Kum & Go,"5,214",0,0,0,151,0,0,"3,067","2,082",7,7,0,0,0,1,0.23%
11/1/2019,11/4/2019,Kum & Go,"5,217",3,3,0,151,0,1,"2,731","1,398",123,111,12,0,0,3,4.50%
11/1/2019,11/5/2019,Kum & Go,"5,216",-1,3,4,151,0,5,"5,338","2,414",221,206,7,3,5,0,4.14%
11/1/2019,11/6/2019,Kum & Go,"5,218",2,4,2,151,0,0,"2,620","1,422",42,42,0,0,0,0,1.60%
11/1/2019,11/7/2019,Kum & Go,"5,224",6,9,3,151,0,8,"6,515","1,709",73,55,17,0,1,6,1.12%
11/1/2019,11/8/2019,Kum & Go,"5,232",8,9,1,151,0,25,"14,451","1,679",164,139,18,4,3,2,1.13%
11/1/2019,11/9/2019,Kum & Go,"5,234",2,6,4,151,0,0,"5,612","1,331",65,54,11,0,0,1,1.16%
11/1/2019,11/10/2019,Kum & Go,"5,236",2,4,2,151,0,0,"1,140",730,24,18,6,0,0,0,2.11%
11/1/2019,11/11/2019,Kum & Go,"5,241",5,6,1,150,-1,0,"28,333","24,279",3,3,0,0,0,2,0.01%
11/1/2019,11/12/2019,Kum & Go,"5,247",6,10,4,150,0,4,"31,705","27,881",119,84,19,5,11,2,0.38%
11/1/2019,11/13/2019,Kum & Go,"5,257",10,10,0,151,1,0,"21,825","18,286",52,52,0,0,0,2,0.24%
11/1/2019,11/14/2019,Kum & Go,"5,297",40,41,1,152,1,27,"26,819","15,447",34,13,13,2,6,6,0.13%
11/1/2019,11/15/2019,Kum & Go,"5,304",7,13,6,152,0,4,"9,581","1,330",15,7,5,1,2,5,0.16%
11/1/2019,11/16/2019,Kum & Go,"5,309",5,5,0,152,0,1,"2,760","1,388",64,57,7,0,0,3,2.32%
11/1/2019,11/17/2019,Kum & Go,"5,309",0,3,3,151,-1,0,"1,121",762,29,29,0,0,0,3,2.59%
11/1/2019,11/18/2019,Kum & Go,"5,315",6,7,1,151,0,1,"2,134","1,528",14,8,6,0,0,1,0.66%
11/1/2019,11/19/2019,Kum & Go,"5,317",2,6,4,152,1,12,"10,219","2,678",237,216,11,1,9,54,2.32%
11/1/2019,11/20/2019,Kum & Go,"5,325",8,16,8,152,0,6,"13,134","6,286",245,238,4,2,1,38,1.87%
11/1/2019,11/21/2019,Kum & Go,"5,337",12,13,1,152,0,0,"9,088","6,465",59,55,3,1,0,23,0.65%
11/1/2019,11/22/2019,Kum & Go,"5,343",6,9,3,152,0,1,"10,111","7,540",84,79,4,1,0,17,0.83%
11/1/2019,11/23/2019,Kum & Go,"5,357",14,14,0,152,0,0,"15,456","11,790",21,21,0,0,0,12,0.14%
11/1/2019,11/24/2019,Kum & Go,"5,361",4,5,1,152,0,1,"14,284","10,547",14,8,6,0,0,19,0.10%
11/1/2019,11/25/2019,Kum & Go,"5,363",2,8,6,152,0,21,"25,425","13,508",225,211,8,5,1,29,0.88%
11/1/2019,11/26/2019,Kum & Go,"5,376",13,16,3,152,0,1,"19,209","12,921",128,117,8,3,0,6,0.67%
11/1/2019,11/27/2019,Kum & Go,"5,380",4,4,0,151,-1,1,"3,297","2,121",121,115,5,1,0,1,3.67%
11/1/2019,11/28/2019,Kum & Go,"5,377",-3,1,4,150,-1,9,"5,713","1,567",48,47,0,0,1,0,0.84%
11/1/2019,11/29/2019,Kum & Go,"5,379",2,4,2,150,0,1,"3,080","1,292",217,209,8,0,0,0,7.05%
11/1/2019,11/30/2019,Kum & Go,"5,378",-1,0,1,150,0,0,777,535,19,16,3,0,0,0,2.45%
12/1/2019,12/1/2019,Kum & Go,"5,380",2,2,0,150,0,1,"2,626","1,806",5,5,0,0,0,2,0.19%
12/1/2019,12/2/2019,Kum & Go,"5,383",3,3,0,150,0,1,"1,482",967,138,125,9,4,0,0,9.31%
12/1/2019,12/3/2019,Kum & Go,"5,386",3,6,3,150,0,1,"1,762","1,180",14,10,4,0,0,0,0.79%
12/1/2019,12/4/2019,Kum & Go,"5,364",3,3,0,,,1,"5,696","3,428",74,68,6,0,0,0,1.30%
12/1/2019,12/5/2019,Kum & Go,"5,367",3,3,0,,,1,"6,752","4,150",49,44,3,2,0,2,0.73%
12/1/2019,12/6/2019,Kum & Go,"5,369",2,2,0,,,1,"8,076","5,943",153,151,0,2,0,0,1.89%
12/1/2019,12/7/2019,Kum & Go,"5,389",20,20,0,,,2,"15,257","9,972",130,124,2,4,0,1,0.85%
12/1/2019,12/8/2019,Kum & Go,"5,398",9,9,0,,,0,"21,914","15,031",395,394,0,1,0,6,1.80%
12/1/2019,12/9/2019,Kum & Go,"5,407",9,9,0,151,,0,"10,893","7,813",104,33,52,19,0,0,0.95%
12/1/2019,12/10/2019,Kum & Go,"5,431",24,24,0,151,0,1,"17,918","13,789",17,12,5,0,0,5,0.09%
12/1/2019,12/11/2019,Kum & Go,"5,447",16,19,3,151,0,1,"18,059","12,856",205,184,19,2,0,2,1.14%
12/1/2019,12/12/2019,Kum & Go,"5,475",28,31,3,151,0,35,"29,433","8,115",134,101,25,1,7,5,0.46%
12/1/2019,12/13/2019,Kum & Go,"5,480",5,5,0,151,0,0,"3,962","1,426",85,83,2,0,0,0,2.15%
12/1/2019,12/14/2019,Kum & Go,"5,480",0,3,3,151,0,1,"12,011","10,281",82,74,5,3,0,0,0.68%
12/1/2019,12/15/2019,Kum & Go,"5,483",3,5,2,151,0,0,"11,208","10,701",19,17,2,0,0,0,0.17%
12/1/2019,12/16/2019,Kum & Go,"5,488",5,8,3,151,0,1,"10,722","9,581",19,12,5,2,0,0,0.18%
12/1/2019,12/17/2019,Kum & Go,"5,489",1,6,5,151,0,2,"11,751","8,971",315,292,19,4,0,1,2.68%
12/1/2019,12/18/2019,Kum & Go,"5,494",5,5,0,152,1,0,"9,756","8,822",60,55,4,1,0,1,0.62%
12/1/2019,12/19/2019,Kum & Go,"5,498",4,4,0,152,0,7,"5,834","2,316",86,79,4,0,3,1,1.47%
12/1/2019,12/20/2019,Kum & Go,"5,502",4,8,4,152,0,5,"14,679","10,339",130,121,3,3,3,3,0.89%
12/1/2019,12/21/2019,Kum & Go,"5,505",3,8,5,152,0,27,"21,549","11,232",113,104,3,1,5,4,0.52%
12/1/2019,12/22/2019,Kum & Go,"5,513",8,11,3,152,0,1,"26,135","11,831",86,84,1,1,0,2,0.33%
12/1/2019,12/23/2019,Kum & Go,"5,521",8,11,3,153,1,1,"14,551","12,407",147,137,7,3,0,1,1.01%
12/1/2019,12/24/2019,Kum & Go,"5,524",3,7,4,153,0,1,"15,510","13,871",91,88,3,0,0,0,0.59%
12/1/2019,12/25/2019,Kum & Go,"5,526",2,4,2,153,0,1,"14,046","12,831",205,195,7,3,0,2,1.46%
12/1/2019,12/26/2019,Kum & Go,"5,529",3,5,2,153,0,1,"3,168","2,291",49,45,4,0,0,1,1.55%
12/1/2019,12/27/2019,Kum & Go,"5,529",0,8,8,154,1,1,"3,952","2,584",308,253,49,6,0,2,7.79%
12/1/2019,12/28/2019,Kum & Go,"5,536",7,9,2,154,0,0,"2,208","1,601",86,56,28,2,0,0,3.89%
12/1/2019,12/29/2019,Kum & Go,"5,541",5,10,5,154,0,0,"1,678","1,339",27,15,12,0,0,0,1.61%
12/1/2019,12/30/2019,Kum & Go,"5,546",5,9,4,154,0,1,"2,943","2,341",105,95,9,1,0,1,3.57%
12/1/2019,12/31/2019,Kum & Go,"5,553",7,7,0,154,0,1,"3,261","2,401",95,87,4,4,0,1,2.91%
1/1/2020,1/1/2020,Kum & Go,"5,557",4,8,4,155,1,0,"3,322","2,535",33,31,2,0,0,2,0.99%
1/1/2020,1/2/2020,Kum & Go,"5,554",-3,3,6,155,0,1,"3,450","2,623",8,7,1,0,0,0,0.23%
1/1/2020,1/3/2020,Kum & Go,"5,555",1,7,6,155,0,1,"4,173","3,499",91,85,5,1,0,0,2.18%
1/1/2020,1/4/2020,Kum & Go,"5,559",4,4,0,155,0,1,"3,941","3,245",89,84,4,1,0,3,2.26%
1/1/2020,1/5/2020,Kum & Go,"5,563",4,6,2,155,0,0,"2,154","1,686",37,37,0,0,0,1,1.72%
1/1/2020,1/6/2020,Kum & Go,"5,566",3,4,1,155,0,1,"4,901","4,569",3,3,0,0,0,0,0.06%
1/1/2020,1/7/2020,Kum & Go,"5,571",5,5,0,155,0,0,"4,750","4,425",53,51,1,1,0,0,1.12%
1/1/2020,1/8/2020,Kum & Go,"5,571",0,0,0,156,1,1,"5,106","4,211",42,40,2,0,0,0,0.82%
1/1/2020,1/9/2020,Kum & Go,"5,576",5,11,6,156,0,1,"7,040","3,255",72,65,7,0,0,4,1.02%
1/1/2020,1/10/2020,Kum & Go,"5,578",2,6,4,156,0,1,"4,560","3,289",132,129,2,1,0,1,2.89%
1/1/2020,1/11/2020,Kum & Go,"5,573",-5,2,7,156,0,1,"5,413","3,989",92,91,0,1,0,0,1.70%
1/1/2020,1/12/2020,Kum & Go,"5,576",3,4,1,157,1,0,"4,422","3,618",38,38,0,0,0,1,0.86%
1/1/2020,1/13/2020,Kum & Go,"5,578",2,3,1,157,0,4,"3,996","2,255",10,9,0,0,1,1,0.25%
1/1/2020,1/14/2020,Kum & Go,"5,584",6,8,2,157,0,2,"2,265","1,178",10,5,2,0,3,1,0.44%
1/1/2020,1/15/2020,Kum & Go,"5,589",5,5,0,157,0,1,"1,824","1,006",206,197,9,0,0,4,11.29%
1/1/2020,1/16/2020,Kum & Go,"5,592",3,6,3,157,0,20,"10,373","1,444",151,131,15,4,1,0,1.46%
1/1/2020,1/17/2020,Kum & Go,"5,597",5,7,2,157,0,1,"4,421","1,203",105,105,0,0,0,1,2.38%
1/1/2020,1/18/2020,Kum & Go,"5,599",2,2,0,157,0,2,"1,264",613,23,20,0,0,3,0,1.82%
1/1/2020,1/19/2020,Kum & Go,"5,598",-1,1,2,157,0,7,"2,620",971,2,1,0,0,1,0,0.08%
1/1/2020,1/20/2020,Kum & Go,"5,596",-2,5,7,157,0,5,"5,564","1,309",109,104,3,1,1,0,1.96%
1/1/2020,1/21/2020,Kum & Go,"5,596",0,5,5,157,0,0,"6,047","3,873",122,116,3,3,0,1,2.02%
1/1/2020,1/22/2020,Kum & Go,"5,604",8,11,3,157,0,2,"8,472","5,216",70,59,10,1,0,3,0.83%
1/1/2020,1/23/2020,Kum & Go,"5,605",1,2,1,157,0,1,"6,652","4,425",96,94,1,1,0,2,1.44%
1/1/2020,1/24/2020,Kum & Go,"5,612",7,8,1,157,0,1,"7,120","5,208",133,126,6,1,0,2,1.87%
1/1/2020,1/25/2020,Kum & Go,"5,617",5,7,2,157,0,0,"8,483","5,296",69,60,6,3,0,1,0.81%
1/1/2020,1/26/2020,Kum & Go,"5,624",7,8,1,157,0,1,"9,845","6,455",14,14,0,0,0,4,0.14%
1/1/2020,1/27/2020,Kum & Go,"5,638",14,23,9,157,0,1,"7,155","4,714",112,105,6,1,0,1,1.57%
1/1/2020,1/28/2020,Kum & Go,"5,661",23,24,1,157,0,28,"26,232","5,604",17,12,1,0,4,3,0.06%
1/1/2020,1/29/2020,Kum & Go,"5,674",13,15,2,157,0,24,"21,517","5,976",237,211,17,3,6,5,1.10%
1/1/2020,1/30/2020,Kum & Go,"5,677",3,7,4,157,0,1,"10,109","4,806",139,130,8,1,0,4,1.38%
1/1/2020,1/31/2020,Kum & Go,"5,693",16,22,6,157,0,15,"12,798","5,153",144,136,3,4,1,2,1.13%
2/1/2020,2/1/2020,Kum & Go,"5,702",9,13,4,157,0,1,"10,948","5,756",188,174,7,7,0,2,1.72%
2/1/2020,2/2/2020,Kum & Go,"5,706",4,8,4,157,0,1,"11,755","5,450",30,25,5,0,0,1,0.26%
2/1/2020,2/3/2020,Kum & Go,"5,713",7,7,0,157,0,5,"9,244","5,121",76,68,6,1,1,4,0.82%
2/1/2020,2/4/2020,Kum & Go,"5,715",2,5,3,157,0,5,"9,134","4,588",140,134,4,0,2,2,1.53%
2/1/2020,2/5/2020,Kum & Go,"5,768",53,57,4,157,0,2,"8,520","5,528",51,44,3,0,4,2,0.60%
2/1/2020,2/6/2020,Kum & Go,"6,516",748,770,22,157,0,1,"18,009","7,810","1,145",467,664,14,0,63,6.36%
2/1/2020,2/7/2020,Kum & Go,"6,553",37,39,2,157,0,0,"18,961","15,716",446,286,151,9,0,9,2.35%
2/1/2020,2/8/2020,Kum & Go,"6,568",15,19,4,157,0,30,"34,877","16,708",177,164,4,2,7,1,0.51%
2/1/2020,2/9/2020,Kum & Go,"6,578",10,19,9,157,0,1,"25,558","19,912",2,0,0,0,2,3,0.01%
