Date,Twitter Profile,Followers,Net Follower Growth,Following,Net Following Growth,Published Posts,Impressions,Video Views,Engagements,Likes,@Replies,Retweets,Post Link Clicks,Other Post Clicks,Other Engagements,Engagement Rate (per Impression)
01-01-2018,@kumandgo,,,,,1,795,175,15,9,1,0,1,4,0,1.9%
01-02-2018,@kumandgo,,,,,23,653,44,96,16,5,0,0,75,0,14.7%
01-03-2018,@kumandgo,,,,,4,"1,960",35,84,5,0,1,0,78,0,4.3%
01-04-2018,@kumandgo,,,,,2,"1,032",7,16,3,0,0,0,13,0,1.6%
01-05-2018,@kumandgo,,,,,11,"2,860",16,84,5,4,1,2,72,0,2.9%
01-06-2018,@kumandgo,,,,,1,"1,231",2,18,4,0,0,1,13,0,1.5%
01-07-2018,@kumandgo,,,,,0,982,1,7,0,0,0,0,7,0,0.7%
01-08-2018,@kumandgo,,,,,10,"1,937",1,31,3,1,1,4,22,0,1.6%
01-09-2018,@kumandgo,,,,,8,"2,782",2,35,7,2,1,2,23,0,1.3%
01-10-2018,@kumandgo,,,,,6,"2,256",13,36,4,1,2,0,29,0,1.6%
01-11-2018,@kumandgo,,,,,7,"1,522",18,21,1,1,2,0,17,0,1.4%
01-12-2018,@kumandgo,,,,,6,"2,654",118,83,11,2,1,1,68,0,3.1%
01-13-2018,@kumandgo,,,,,0,"2,139",51,22,6,0,1,0,15,0,1%
01-14-2018,@kumandgo,,,,,1,"1,369",7,31,2,1,0,1,27,0,2.3%
01-15-2018,@kumandgo,,,,,14,"3,963",391,224,15,1,0,2,206,0,5.7%
01-16-2018,@kumandgo,,,,,10,"3,375",74,110,12,4,1,2,91,0,3.3%
01-17-2018,@kumandgo,,,,,1,"2,563",12,39,7,1,0,0,31,0,1.5%
01-18-2018,@kumandgo,,,,,4,"2,846",101,57,14,3,4,0,36,0,2%
01-19-2018,@kumandgo,,,,,3,"1,791",86,28,4,1,2,0,21,0,1.6%
01-20-2018,@kumandgo,,,,,2,"2,075",121,36,5,1,0,0,30,0,1.7%
01-21-2018,@kumandgo,,,,,2,"2,304",10,38,2,0,0,3,33,0,1.6%
01-22-2018,@kumandgo,,,,,15,"2,522",158,41,5,2,2,3,29,0,1.6%
01-23-2018,@kumandgo,,,,,8,"4,335",82,92,5,3,0,3,81,0,2.1%
01-24-2018,@kumandgo,,,,,2,"3,075",68,88,3,3,0,0,82,0,2.9%
01-25-2018,@kumandgo,,,,,12,"3,183",101,213,6,2,2,1,202,0,6.7%
01-26-2018,@kumandgo,,,,,0,"2,056",123,36,4,0,1,1,30,0,1.8%
01-27-2018,@kumandgo,,,,,1,"1,462",14,21,4,0,0,1,16,0,1.4%
01-28-2018,@kumandgo,,,,,1,"1,779",8,17,2,1,-1,1,14,0,1%
01-29-2018,@kumandgo,,,,,20,"2,965",3,108,15,5,4,4,80,0,3.6%
01-30-2018,@kumandgo,,,,,1,"2,009",100,59,14,3,1,1,40,0,2.9%
01-31-2018,@kumandgo,,,,,4,"1,316",23,39,6,2,-1,0,32,0,3%
02-01-2018,@kumandgo,,,,,3,"1,087",0,9,2,0,0,1,6,0,0.8%
02-02-2018,@kumandgo,,,,,4,"1,555",0,30,3,1,1,0,25,0,1.9%
02-03-2018,@kumandgo,,,,,0,502,0,7,1,1,0,1,4,0,1.4%
02-04-2018,@kumandgo,,,,,2,"1,261",76,49,6,0,0,1,42,0,3.9%
02-05-2018,@kumandgo,,,,,5,"1,564",37,179,27,-1,2,0,151,0,11.4%
02-06-2018,@kumandgo,,,,,3,"1,213",8,66,7,2,1,0,56,0,5.4%
02-07-2018,@kumandgo,,,,,3,"1,077",11,24,3,1,0,0,20,0,2.2%
02-08-2018,@kumandgo,,,,,2,"2,328",8,14,2,0,0,0,12,0,0.6%
02-09-2018,@kumandgo,,,,,8,"4,222",13,47,7,2,1,0,37,0,1.1%
02-10-2018,@kumandgo,,,,,0,"1,623",3,11,2,0,0,1,8,0,0.7%
02-11-2018,@kumandgo,,,,,0,504,1,3,0,0,0,0,3,0,0.6%
02-12-2018,@kumandgo,,,,,8,"1,858",5,63,9,0,2,0,52,0,3.4%
02-13-2018,@kumandgo,,,,,5,"2,813",6,53,12,1,1,0,39,0,1.9%
02-14-2018,@kumandgo,,,,,0,"1,576",2,6,0,0,0,0,6,0,0.4%
02-15-2018,@kumandgo,,,,,8,"1,069",0,19,6,3,0,0,10,0,1.8%
02-16-2018,@kumandgo,,,,,4,"2,806",3,18,6,1,1,0,10,0,0.6%
02-17-2018,@kumandgo,,,,,0,"1,075",0,11,1,0,0,0,10,0,1%
02-18-2018,@kumandgo,,,,,0,"1,441",1,6,1,0,0,0,5,0,0.4%
02-19-2018,@kumandgo,,,,,3,"2,126",6,8,2,0,0,0,6,0,0.4%
02-20-2018,@kumandgo,,,,,6,"2,137",1,13,0,1,0,1,11,0,0.6%
02-21-2018,@kumandgo,,,,,1,"1,650",1,16,1,1,1,0,13,0,1%
02-22-2018,@kumandgo,,,,,0,"2,900",4,48,0,0,0,1,47,0,1.7%
02-23-2018,@kumandgo,,,,,4,"4,461",2,78,7,1,4,2,64,0,1.7%
02-24-2018,@kumandgo,,,,,0,"3,081",0,12,0,0,0,0,12,0,0.4%
02-25-2018,@kumandgo,,,,,0,"1,318",1,1,0,0,0,0,1,0,0.1%
02-26-2018,@kumandgo,,,,,10,"4,163",2,57,14,1,0,0,42,0,1.4%
02-27-2018,@kumandgo,,,,,1,"3,612",150,42,8,0,0,0,34,0,1.2%
02-28-2018,@kumandgo,,,,,3,"3,010",26,56,3,0,1,0,52,0,1.9%
03-01-2018,@kumandgo,"18,507",,"6,195",,7,980,0,33,6,2,2,0,23,0,3.4%
03-02-2018,@kumandgo,"18,506",-1,"6,195",0,2,219,0,5,1,1,0,0,3,0,2.3%
03-03-2018,@kumandgo,"18,505",-1,"6,194",-1,0,119,0,7,0,0,0,0,7,0,5.9%
03-04-2018,@kumandgo,"18,502",-3,"6,195",1,0,99,0,3,0,0,0,0,3,0,3%
03-05-2018,@kumandgo,"18,505",3,"6,195",0,12,"1,060",0,77,5,3,0,0,69,0,7.3%
03-06-2018,@kumandgo,"18,508",3,"6,195",0,2,438,0,10,3,0,1,0,6,0,2.3%
03-07-2018,@kumandgo,"18,507",-1,"6,195",0,2,"1,051",0,3,0,0,0,0,3,0,0.3%
03-08-2018,@kumandgo,"18,512",5,"6,195",0,0,483,0,3,0,0,0,0,3,0,0.6%
03-09-2018,@kumandgo,"18,512",0,"6,195",0,5,540,0,18,3,1,1,0,13,0,3.3%
03-10-2018,@kumandgo,"18,505",-7,"6,193",-2,0,201,0,1,0,0,0,0,1,0,0.5%
03-11-2018,@kumandgo,"18,504",-1,"6,193",0,1,753,0,23,2,0,0,0,21,0,3.1%
03-12-2018,@kumandgo,"18,502",-2,"6,191",-2,2,"1,195",0,51,4,1,0,1,45,0,4.3%
03-13-2018,@kumandgo,"18,504",2,"6,192",1,3,620,0,6,0,0,0,0,6,0,1%
03-14-2018,@kumandgo,"18,502",-2,"6,192",0,6,"1,281",0,29,2,2,0,0,25,0,2.3%
03-15-2018,@kumandgo,"18,500",-2,"6,192",0,0,958,0,2,0,0,0,1,1,0,0.2%
03-16-2018,@kumandgo,"18,498",-2,"6,192",0,1,"1,016",0,21,2,0,1,0,18,0,2.1%
03-17-2018,@kumandgo,"18,499",1,"6,191",-1,1,"1,082",0,43,4,1,0,0,38,0,4%
03-18-2018,@kumandgo,"18,502",3,"6,190",-1,0,438,0,1,0,0,0,0,1,0,0.2%
03-19-2018,@kumandgo,"18,506",4,"6,189",-1,9,"4,559",0,58,16,1,0,0,41,0,1.3%
03-20-2018,@kumandgo,"18,507",1,"6,189",0,3,"1,549",0,33,6,0,1,0,26,0,2.1%
03-21-2018,@kumandgo,"18,507",0,"6,188",-1,1,869,0,7,2,0,0,0,5,0,0.8%
03-22-2018,@kumandgo,"18,504",-3,"6,188",0,1,579,0,12,0,0,0,0,12,0,2.1%
03-23-2018,@kumandgo,,,,,0,621,0,10,0,0,0,1,9,0,1.6%
03-24-2018,@kumandgo,,,,,0,353,0,4,2,0,0,0,2,0,1.1%
03-25-2018,@kumandgo,,,,,0,400,0,1,0,0,0,0,1,0,0.3%
03-26-2018,@kumandgo,,,,,0,785,0,1,0,0,0,1,0,0,0.1%
03-27-2018,@kumandgo,,,,,8,713,0,19,4,1,0,0,14,0,2.7%
03-28-2018,@kumandgo,,,,,0,679,0,16,1,0,0,0,15,0,2.4%
03-29-2018,@kumandgo,,,,,2,30,0,4,0,1,0,0,3,0,13.3%
03-30-2018,@kumandgo,,,,,0,19,0,0,0,0,0,0,0,0,0%
03-31-2018,@kumandgo,,,,,0,2,0,0,0,0,0,0,0,0,0%
04-01-2018,@kumandgo,,,,,0,0,0,0,0,0,0,0,0,0,
04-02-2018,@kumandgo,,,,,2,25,0,2,1,1,0,0,0,0,8%
04-03-2018,@kumandgo,,,,,6,422,0,29,5,2,4,0,18,0,6.9%
04-04-2018,@kumandgo,,,,,6,477,7,47,9,2,2,0,34,0,9.9%
04-05-2018,@kumandgo,,,,,8,"1,595",5,67,10,3,-1,0,55,0,4.2%
04-06-2018,@kumandgo,,,,,6,"1,241",12,68,15,3,2,1,47,0,5.5%
04-07-2018,@kumandgo,,,,,0,604,10,55,0,0,0,1,54,0,9.1%
04-08-2018,@kumandgo,,,,,0,250,2,4,0,0,0,0,4,0,1.6%
04-09-2018,@kumandgo,,,,,0,158,0,7,0,0,0,0,7,0,4.4%
04-10-2018,@kumandgo,,,,,1,209,0,17,1,0,0,0,16,0,8.1%
04-11-2018,@kumandgo,,,,,6,"1,781",20,118,6,2,3,0,107,0,6.6%
04-12-2018,@kumandgo,,,,,2,"2,062",15,299,2,1,0,3,293,0,14.5%
04-13-2018,@kumandgo,,,,,10,"3,334",65,123,20,3,1,3,94,2,3.7%
04-14-2018,@kumandgo,,,,,0,"1,130",29,34,3,0,0,0,31,0,3%
04-15-2018,@kumandgo,,,,,0,448,12,18,0,0,0,0,18,0,4%
04-16-2018,@kumandgo,,,,,5,593,6,36,5,1,0,0,30,0,6.1%
04-17-2018,@kumandgo,,,,,5,"1,408",10,27,4,1,0,6,16,0,1.9%
04-18-2018,@kumandgo,,,,,5,709,8,25,4,0,0,4,17,0,3.5%
04-19-2018,@kumandgo,,,,,12,"2,323",33,71,16,3,0,2,50,0,3.1%
04-20-2018,@kumandgo,,,,,0,812,5,17,3,0,0,0,14,0,2.1%
04-21-2018,@kumandgo,,,,,0,"1,692",4,16,0,0,0,0,16,0,0.9%
04-22-2018,@kumandgo,,,,,0,559,2,3,0,0,0,0,3,0,0.5%
04-23-2018,@kumandgo,,,,,10,"1,131",15,38,8,1,2,0,27,0,3.4%
04-24-2018,@kumandgo,,,,,4,"1,158",2,31,5,0,0,3,23,0,2.7%
04-25-2018,@kumandgo,,,,,0,869,0,20,3,0,0,0,17,0,2.3%
04-26-2018,@kumandgo,,,,,2,851,3,67,11,0,4,1,51,0,7.9%
04-27-2018,@kumandgo,,,,,8,805,28,39,8,3,2,0,26,0,4.8%
04-28-2018,@kumandgo,,,,,0,"5,290",8,19,1,1,1,0,16,0,0.4%
04-29-2018,@kumandgo,,,,,0,0,0,0,0,0,0,0,0,0,
04-30-2018,@kumandgo,,,,,15,"9,869",45,673,263,8,94,0,308,0,6.8%
05-01-2018,@kumandgo,,,,,11,262,10,32,9,6,1,0,16,0,12.2%
05-02-2018,@kumandgo,,,,,7,"1,600",143,116,21,4,2,0,89,0,7.2%
05-03-2018,@kumandgo,,,,,5,617,47,48,4,2,0,0,42,0,7.8%
05-04-2018,@kumandgo,,,,,2,"1,069",139,36,6,1,2,0,27,0,3.4%
05-05-2018,@kumandgo,,,,,0,315,23,2,0,0,0,0,2,0,0.6%
05-06-2018,@kumandgo,,,,,0,281,17,8,0,1,0,0,7,0,2.8%
05-07-2018,@kumandgo,,,,,6,832,17,19,3,2,0,0,14,0,2.3%
05-08-2018,@kumandgo,,,,,11,980,21,32,8,2,2,1,19,0,3.3%
05-09-2018,@kumandgo,,,,,12,"2,254",20,101,17,2,1,1,80,0,4.5%
05-10-2018,@kumandgo,,,,,10,"1,658",25,124,25,4,4,0,91,0,7.5%
05-11-2018,@kumandgo,,,,,7,"1,811",18,68,7,2,1,0,58,0,3.8%
05-12-2018,@kumandgo,,,,,0,601,4,23,1,0,0,0,22,0,3.8%
05-13-2018,@kumandgo,,,,,0,455,4,11,1,0,0,0,10,0,2.4%
05-14-2018,@kumandgo,,,,,6,"1,758",15,73,6,3,0,0,64,0,4.2%
05-15-2018,@kumandgo,,,,,5,962,3,27,3,0,0,5,19,0,2.8%
05-16-2018,@kumandgo,,,,,11,"1,647",21,53,12,2,-1,8,32,0,3.2%
05-17-2018,@kumandgo,,,,,14,"4,448",14,94,24,1,3,2,64,0,2.1%
05-18-2018,@kumandgo,,,,,3,"3,059",12,36,6,0,3,0,27,0,1.2%
05-19-2018,@kumandgo,,,,,0,"1,362",6,2,0,0,0,1,1,0,0.1%
05-20-2018,@kumandgo,,,,,1,"2,229",0,11,5,0,1,0,5,0,0.5%
05-21-2018,@kumandgo,,,,,3,"2,885",2,29,8,1,0,2,18,0,1%
05-22-2018,@kumandgo,,,,,5,"1,540",9,35,4,2,0,3,26,0,2.3%
05-23-2018,@kumandgo,,,,,9,"3,404",199,85,20,2,0,0,63,0,2.5%
05-24-2018,@kumandgo,,,,,7,"2,713",58,65,11,1,1,0,52,0,2.4%
05-25-2018,@kumandgo,,,,,7,"1,910",164,21,4,2,0,0,15,0,1.1%
05-26-2018,@kumandgo,,,,,1,"2,586",39,28,13,2,0,1,12,0,1.1%
05-27-2018,@kumandgo,,,,,0,"1,218",13,5,1,0,0,0,4,0,0.4%
05-28-2018,@kumandgo,,,,,1,"1,685",326,11,3,0,0,0,8,0,0.7%
05-29-2018,@kumandgo,,,,,4,133,0,12,3,0,1,0,8,0,9%
05-30-2018,@kumandgo,,,,,6,"1,009",140,31,3,1,2,0,24,1,3.1%
05-31-2018,@kumandgo,,,,,12,"2,560",75,105,22,1,6,0,76,0,4.1%
06-01-2018,@kumandgo,,,,,9,"2,043",137,50,13,1,3,1,32,0,2.4%
06-02-2018,@kumandgo,,,,,0,408,26,19,4,1,0,0,14,0,4.7%
06-03-2018,@kumandgo,,,,,0,123,6,0,0,0,0,0,0,0,0%
06-04-2018,@kumandgo,,,,,5,846,16,15,5,1,0,2,7,0,1.8%
06-05-2018,@kumandgo,,,,,4,718,4,25,1,2,0,0,22,0,3.5%
06-06-2018,@kumandgo,,,,,7,"1,154",3,23,3,2,0,3,15,0,2%
06-07-2018,@kumandgo,,,,,8,706,20,42,6,2,1,0,33,0,5.9%
06-08-2018,@kumandgo,,,,,8,"1,380",7,38,5,1,1,0,31,0,2.8%
06-09-2018,@kumandgo,,,,,0,552,3,12,0,0,1,0,11,0,2.2%
06-10-2018,@kumandgo,,,,,2,"1,171",191,5,4,0,0,0,1,0,0.4%
06-11-2018,@kumandgo,,,,,5,"3,365",122,36,12,0,3,0,21,0,1.1%
06-12-2018,@kumandgo,,,,,4,"1,757",21,20,4,2,0,0,14,0,1.1%
06-13-2018,@kumandgo,"18,639",,"6,225",,5,"1,868",181,46,11,3,0,1,31,0,2.5%
06-14-2018,@kumandgo,"18,639",0,"6,225",0,6,"2,294",73,25,7,1,1,0,16,0,1.1%
06-15-2018,@kumandgo,"18,638",-1,"6,228",3,5,"2,742",26,100,21,3,7,1,68,0,3.6%
06-16-2018,@kumandgo,"18,635",-3,"6,228",0,0,"1,741",6,34,4,0,1,1,28,0,2%
06-17-2018,@kumandgo,"18,633",-2,"6,228",0,3,"3,005",11,39,13,2,0,0,24,0,1.3%
06-18-2018,@kumandgo,"18,634",1,"6,228",0,7,"3,128",22,39,11,2,0,0,26,0,1.2%
06-19-2018,@kumandgo,"18,637",3,"6,228",0,3,"1,319",8,24,6,1,0,0,17,0,1.8%
06-20-2018,@kumandgo,"18,637",0,"6,228",0,6,"1,172",2,32,11,3,1,0,17,0,2.7%
06-21-2018,@kumandgo,"18,636",-1,"6,224",-4,6,"1,864",30,41,10,1,2,0,28,0,2.2%
06-22-2018,@kumandgo,"18,639",3,"6,221",-3,6,"3,970",8,33,9,0,1,0,23,0,0.8%
06-23-2018,@kumandgo,"18,640",1,"6,221",0,0,"1,070",6,29,0,1,0,0,28,0,2.7%
06-24-2018,@kumandgo,"18,640",0,"6,222",1,0,629,4,1,0,0,0,0,1,0,0.2%
06-25-2018,@kumandgo,"18,641",1,"6,221",-1,8,"1,198",5,30,5,4,1,0,20,0,2.5%
06-26-2018,@kumandgo,"18,641",0,"6,220",-1,6,"1,745",122,44,9,1,2,0,32,0,2.5%
06-27-2018,@kumandgo,"18,641",0,"6,219",-1,5,"2,467",15,56,12,2,2,0,40,0,2.3%
06-28-2018,@kumandgo,"18,645",4,"6,218",-1,6,"1,009",12,27,4,1,1,0,21,0,2.7%
06-29-2018,@kumandgo,"18,649",4,"6,218",0,2,33,0,2,0,0,0,1,1,0,6.1%
06-30-2018,@kumandgo,"18,649",0,"6,220",2,4,252,0,29,6,1,2,0,20,0,11.5%
07-01-2018,@kumandgo,"18,656",7,"6,221",1,0,0,0,0,0,0,0,0,0,0,
07-02-2018,@kumandgo,"18,657",1,"6,220",-1,13,239,0,61,13,4,1,0,43,0,25.5%
07-03-2018,@kumandgo,"18,659",2,"6,219",-1,4,772,2,32,6,0,0,0,26,0,4.1%
07-04-2018,@kumandgo,"18,660",1,"6,220",1,1,"1,388",1,8,0,0,0,0,8,0,0.6%
07-05-2018,@kumandgo,"18,661",1,"6,220",0,10,"2,185",0,59,11,0,3,1,44,0,2.7%
07-06-2018,@kumandgo,"18,660",-1,"6,220",0,11,"5,877",0,66,13,3,1,0,49,0,1.1%
07-07-2018,@kumandgo,"18,660",0,"6,220",0,0,"1,744",0,14,1,0,0,0,13,0,0.8%
07-08-2018,@kumandgo,"18,663",3,"6,220",0,0,388,0,4,0,0,0,0,4,0,1%
07-09-2018,@kumandgo,"18,663",0,"6,219",-1,9,"1,222",3,85,16,5,4,0,60,0,7%
07-10-2018,@kumandgo,"18,667",4,"6,219",0,11,"2,818",3,112,9,1,4,0,98,0,4%
07-11-2018,@kumandgo,"18,666",-1,"6,220",1,7,"1,431",0,24,4,1,1,0,18,0,1.7%
07-12-2018,@kumandgo,"18,194",-472,"6,220",0,6,"4,222",222,69,19,2,0,0,48,0,1.6%
07-13-2018,@kumandgo,"18,201",7,"6,220",0,10,"4,078",70,186,44,6,4,0,132,0,4.6%
07-14-2018,@kumandgo,"18,207",6,"6,221",1,0,"3,771",28,701,86,0,8,0,607,0,18.6%
07-15-2018,@kumandgo,"18,206",-1,"6,221",0,0,"1,759",7,217,35,0,2,1,179,0,12.3%
07-16-2018,@kumandgo,"18,206",0,"6,221",0,13,"2,941",21,150,24,2,-1,0,125,0,5.1%
07-17-2018,@kumandgo,"18,209",3,"6,220",-1,6,"4,861",11,310,12,9,15,2,272,0,6.4%
07-18-2018,@kumandgo,"18,213",4,"6,220",0,7,"4,434",47,165,9,2,3,4,147,0,3.7%
07-19-2018,@kumandgo,"18,208",-5,"6,217",-3,3,"1,948",8,69,2,0,0,1,66,0,3.5%
07-20-2018,@kumandgo,"18,209",1,"6,215",-2,11,"1,533",2,55,9,2,5,0,39,0,3.6%
07-21-2018,@kumandgo,"18,213",4,"6,214",-1,0,"1,272",12,54,2,0,0,0,52,0,4.2%
07-22-2018,@kumandgo,"18,220",7,"6,214",0,0,810,4,25,0,0,0,0,25,0,3.1%
07-23-2018,@kumandgo,"18,222",2,"6,213",-1,0,854,5,17,0,0,0,0,17,0,2%
07-24-2018,@kumandgo,"18,222",0,"6,217",4,31,"3,875",14,157,26,7,7,17,100,0,4.1%
07-25-2018,@kumandgo,"18,226",4,"6,220",3,9,"3,765",15,184,33,2,1,7,141,0,4.9%
07-26-2018,@kumandgo,"18,223",-3,"6,220",0,9,"3,765",3,101,11,2,2,2,84,0,2.7%
07-27-2018,@kumandgo,"18,219",-4,"6,217",-3,13,"3,903",1,72,21,6,2,5,38,0,1.8%
07-28-2018,@kumandgo,"18,224",5,"6,217",0,0,"2,450",1,63,8,1,1,0,53,0,2.6%
07-29-2018,@kumandgo,"18,224",0,"6,215",-2,0,0,0,0,0,0,0,0,0,0,
07-30-2018,@kumandgo,"18,227",3,"6,217",2,8,479,0,44,6,2,2,0,34,0,9.2%
07-31-2018,@kumandgo,"18,231",4,"6,218",1,18,676,0,121,28,5,3,0,85,0,17.9%
08-01-2018,@kumandgo,"18,236",5,"6,217",-1,4,102,13,13,2,1,0,0,10,0,12.7%
08-02-2018,@kumandgo,"18,241",5,"6,214",-3,10,172,2,12,2,2,0,0,8,0,7%
08-03-2018,@kumandgo,"18,245",4,"6,215",1,10,184,4,18,4,3,0,0,11,0,9.8%
08-04-2018,@kumandgo,"18,244",-1,"6,214",-1,0,207,5,6,0,0,0,0,6,0,2.9%
08-05-2018,@kumandgo,"18,241",-3,"6,214",0,0,145,1,0,0,0,0,0,0,0,0%
08-06-2018,@kumandgo,"18,244",3,"6,216",2,25,526,0,57,12,4,2,1,37,1,10.8%
08-07-2018,@kumandgo,"18,245",1,"6,216",0,11,955,5,52,12,0,3,0,37,0,5.4%
08-08-2018,@kumandgo,"18,252",7,"6,213",-3,21,"2,318",24,159,37,3,2,0,117,0,6.9%
08-09-2018,@kumandgo,"18,253",1,"6,213",0,10,"1,190",45,70,12,1,1,0,56,0,5.9%
08-10-2018,@kumandgo,"18,252",-1,"6,212",-1,0,474,9,11,1,0,0,0,10,0,2.3%
08-11-2018,@kumandgo,"18,249",-3,"6,211",-1,0,353,8,10,0,1,0,0,9,0,2.8%
08-12-2018,@kumandgo,"18,247",-2,"6,209",-2,0,236,1,5,1,0,0,0,4,0,2.1%
08-13-2018,@kumandgo,"18,254",7,"6,209",0,16,"6,281",19,73,11,4,1,0,40,17,1.2%
08-14-2018,@kumandgo,"18,260",6,"6,208",-1,11,"6,819",16,60,13,5,4,0,27,11,0.9%
08-15-2018,@kumandgo,"18,262",2,"6,207",-1,10,997,22,34,6,2,0,0,24,2,3.4%
08-16-2018,@kumandgo,"18,263",1,"6,206",-1,17,"1,433",11,110,18,5,5,0,82,0,7.7%
08-17-2018,@kumandgo,"18,267",4,"6,206",0,9,923,6,64,9,5,3,0,47,0,6.9%
08-18-2018,@kumandgo,"18,269",2,"6,204",-2,0,414,2,18,0,0,0,0,18,0,4.3%
08-19-2018,@kumandgo,"18,269",0,"6,204",0,0,294,2,6,1,0,0,0,5,0,2%
08-20-2018,@kumandgo,"18,264",-5,"6,203",-1,24,"2,602",63,177,26,6,5,0,140,0,6.8%
08-21-2018,@kumandgo,"18,269",5,"6,202",-1,14,"1,782",106,112,15,4,4,2,87,0,6.3%
08-22-2018,@kumandgo,"18,271",2,"6,201",-1,8,"1,494",15,56,7,3,2,1,43,0,3.7%
08-23-2018,@kumandgo,"18,276",5,"6,200",-1,3,916,1,10,2,1,0,0,7,0,1.1%
08-24-2018,@kumandgo,"18,274",-2,"6,198",-2,5,"1,698",153,31,6,1,3,2,19,0,1.8%
08-25-2018,@kumandgo,"18,274",0,"6,198",0,0,905,43,21,3,1,0,0,17,0,2.3%
08-26-2018,@kumandgo,"18,279",5,"6,198",0,0,"1,111",14,12,0,0,0,0,12,0,1.1%
08-27-2018,@kumandgo,"18,279",0,"6,197",-1,40,"1,811",73,122,27,11,4,0,80,0,6.7%
08-28-2018,@kumandgo,"18,279",0,"6,196",-1,11,"1,307",37,41,8,2,1,2,28,0,3.1%
08-29-2018,@kumandgo,"18,277",-2,"6,192",-4,11,471,0,65,15,8,1,0,41,0,13.8%
08-30-2018,@kumandgo,"18,279",2,"6,191",-1,5,530,56,49,8,3,2,0,36,0,9.2%
08-31-2018,@kumandgo,"18,276",-3,"6,191",0,13,985,16,108,21,2,2,0,83,0,11%
09-01-2018,@kumandgo,"18,278",2,"6,190",-1,0,0,0,0,0,0,0,0,0,0,
09-02-2018,@kumandgo,"18,280",2,"6,191",1,0,0,0,0,0,0,0,0,0,0,
09-03-2018,@kumandgo,"18,277",-3,"6,190",-1,0,0,0,0,0,0,0,0,0,0,
09-04-2018,@kumandgo,"18,284",7,"6,190",0,7,219,0,29,3,3,1,0,22,0,13.2%
09-05-2018,@kumandgo,"18,286",2,"6,191",1,10,444,0,65,7,3,2,0,53,0,14.6%
09-06-2018,@kumandgo,"18,290",4,"6,194",3,7,374,4,12,1,2,1,0,8,0,3.2%
09-07-2018,@kumandgo,"18,295",5,"6,193",-1,3,253,0,11,2,2,0,0,7,0,4.3%
09-08-2018,@kumandgo,"18,299",4,"6,193",0,0,273,0,5,0,0,0,0,5,0,1.8%
09-09-2018,@kumandgo,"18,299",0,"6,193",0,0,159,2,17,0,0,0,0,17,0,10.7%
09-10-2018,@kumandgo,"18,304",5,"6,193",0,34,"3,135",99,208,33,12,5,0,148,10,6.6%
09-11-2018,@kumandgo,"18,306",2,"6,194",1,5,"3,595",137,160,31,7,5,1,115,1,4.5%
09-12-2018,@kumandgo,"18,310",4,"6,194",0,1,"3,653",52,156,18,3,8,1,114,12,4.3%
09-13-2018,@kumandgo,"18,310",0,"6,194",0,5,954,15,26,3,2,0,0,21,0,2.7%
09-14-2018,@kumandgo,"18,310",0,"6,194",0,4,942,8,38,12,0,1,0,25,0,4%
09-15-2018,@kumandgo,"18,311",1,"6,193",-1,0,394,12,14,0,1,0,0,13,0,3.6%
09-16-2018,@kumandgo,"18,308",-3,"6,193",0,0,276,7,8,1,0,0,0,7,0,2.9%
09-17-2018,@kumandgo,"18,304",-4,"6,191",-2,17,"1,070",15,47,9,5,-1,0,34,0,4.4%
09-18-2018,@kumandgo,"18,303",-1,"6,190",-1,5,"1,632",31,340,22,2,5,0,311,0,20.8%
09-19-2018,@kumandgo,"18,305",2,"6,192",2,6,"2,072",27,224,16,4,4,0,200,0,10.8%
09-20-2018,@kumandgo,"18,305",0,"6,190",-2,8,839,11,45,8,1,0,0,36,0,5.4%
09-21-2018,@kumandgo,"18,306",1,"6,188",-2,1,420,6,11,1,0,0,0,10,0,2.6%
09-22-2018,@kumandgo,"18,307",1,"6,188",0,4,715,3,18,5,1,1,0,11,0,2.5%
09-23-2018,@kumandgo,"18,306",-1,"6,188",0,0,373,3,5,0,1,0,0,4,0,1.3%
09-24-2018,@kumandgo,"18,302",-4,"6,188",0,4,427,4,12,3,0,1,0,8,0,2.8%
09-25-2018,@kumandgo,"18,305",3,"6,188",0,3,748,11,34,5,5,0,0,24,0,4.5%
09-26-2018,@kumandgo,"18,306",1,"6,188",0,6,540,6,30,9,1,0,0,20,0,5.6%
09-27-2018,@kumandgo,"18,311",5,"6,187",-1,13,"1,459",9,139,34,20,2,1,82,0,9.5%
09-28-2018,@kumandgo,"18,314",3,"6,186",-1,9,"1,755",29,137,39,17,0,0,81,0,7.8%
09-29-2018,@kumandgo,"18,315",1,"6,185",-1,0,0,0,0,0,0,0,0,0,0,
09-30-2018,@kumandgo,"18,315",0,"6,182",-3,0,0,0,0,0,0,0,0,0,0,
10-01-2018,@kumandgo,"18,313",-2,"6,182",0,11,877,0,87,6,2,3,0,76,0,9.9%
10-02-2018,@kumandgo,"18,311",-2,"6,181",-1,8,"1,540",0,231,34,1,4,9,183,0,15%
10-03-2018,@kumandgo,"18,339",28,"6,181",0,12,"5,738",67,458,70,4,2,31,351,0,8%
10-04-2018,@kumandgo,"18,362",23,"6,181",0,3,"1,244",8,104,6,2,0,4,92,0,8.4%
10-05-2018,@kumandgo,"18,373",11,"6,181",0,3,"1,407",6,54,3,1,1,0,25,24,3.8%
10-06-2018,@kumandgo,"18,371",-2,"6,181",0,0,336,0,18,0,0,0,0,16,2,5.4%
10-07-2018,@kumandgo,"18,367",-4,"6,181",0,0,389,0,19,0,0,0,0,19,0,4.9%
10-08-2018,@kumandgo,"18,373",6,"6,179",-2,0,379,1,28,1,0,0,2,25,0,7.4%
10-09-2018,@kumandgo,"18,386",13,"6,179",0,23,750,8,80,13,6,2,2,56,1,10.7%
10-10-2018,@kumandgo,"18,418",32,"6,178",-1,3,851,0,34,6,1,0,0,27,0,4%
10-11-2018,@kumandgo,"18,467",49,"6,179",1,4,553,28,34,4,1,1,0,28,0,6.1%
10-12-2018,@kumandgo,"18,474",7,"6,177",-2,10,"2,231",22,199,29,5,20,1,144,0,8.9%
10-13-2018,@kumandgo,"18,472",-2,"6,176",-1,0,"1,908",2,143,15,1,5,0,122,0,7.5%
10-14-2018,@kumandgo,"18,470",-2,"6,176",0,0,959,0,81,8,0,3,0,70,0,8.4%
10-15-2018,@kumandgo,"18,473",3,"6,174",-2,10,673,1,26,2,2,1,0,21,0,3.9%
10-16-2018,@kumandgo,"18,474",1,"6,173",-1,3,589,2,66,5,3,1,1,56,0,11.2%
10-17-2018,@kumandgo,"18,479",5,"6,174",1,5,726,1,50,2,0,0,1,47,0,6.9%
10-18-2018,@kumandgo,"18,485",6,"6,175",1,1,"1,309",0,24,3,1,0,0,20,0,1.8%
10-19-2018,@kumandgo,"18,490",5,"6,176",1,23,"1,932",2,71,10,6,0,0,55,0,3.7%
10-20-2018,@kumandgo,"18,490",0,"6,175",-1,0,"1,439",0,37,5,0,0,0,32,0,2.6%
10-21-2018,@kumandgo,"18,492",2,"6,176",1,0,"1,323",0,10,2,0,1,0,7,0,0.8%
10-22-2018,@kumandgo,"18,498",6,"6,173",-3,32,"2,410",0,67,12,11,2,0,42,0,2.8%
10-23-2018,@kumandgo,"18,507",9,"6,171",-2,22,"7,663","1,705",464,79,9,8,3,365,0,6.1%
10-24-2018,@kumandgo,"18,514",7,"6,170",-1,15,"9,063","2,768",533,71,3,1,6,452,0,5.9%
10-25-2018,@kumandgo,"18,515",1,"6,168",-2,18,"8,450","2,540",494,86,7,1,8,392,0,5.8%
10-26-2018,@kumandgo,"18,518",3,"6,167",-1,2,"5,624","1,817",281,42,2,1,1,235,0,5%
10-27-2018,@kumandgo,"18,518",0,"6,167",0,7,"2,883",459,115,17,3,1,2,92,0,4%
10-28-2018,@kumandgo,"18,519",1,"6,167",0,0,"2,199",242,60,9,0,2,1,48,0,2.7%
10-29-2018,@kumandgo,"18,525",6,"6,167",0,41,"1,457",0,84,21,16,1,0,46,0,5.8%
10-30-2018,@kumandgo,"18,529",4,"6,171",4,16,"1,830",7,86,15,7,1,0,63,0,4.7%
10-31-2018,@kumandgo,"18,535",6,"6,175",4,20,"1,950",7,73,17,9,3,0,44,0,3.7%
11-01-2018,@kumandgo,"18,538",3,"6,173",-2,11,379,0,36,10,0,0,0,26,0,9.5%
11-02-2018,@kumandgo,"18,543",5,"6,174",1,9,212,0,28,7,4,0,0,17,0,13.2%
11-03-2018,@kumandgo,"18,543",0,"6,173",-1,0,613,0,8,2,0,0,0,6,0,1.3%
11-04-2018,@kumandgo,"18,545",2,"6,174",1,0,49,0,5,0,0,0,0,5,0,10.2%
11-05-2018,@kumandgo,"18,548",3,"6,174",0,7,210,0,24,4,0,0,0,20,0,11.4%
11-06-2018,@kumandgo,"18,549",1,"6,176",2,5,166,0,15,4,1,0,0,10,0,9%
11-07-2018,@kumandgo,"18,548",-1,"6,177",1,0,87,0,6,2,1,0,0,3,0,6.9%
11-08-2018,@kumandgo,"18,548",0,"6,177",0,0,"1,235",0,8,1,0,0,0,7,0,0.6%
11-09-2018,@kumandgo,"18,417",-131,"6,173",-4,3,236,0,16,3,0,0,2,11,0,6.8%
11-10-2018,@kumandgo,"18,418",1,"6,171",-2,0,215,0,8,0,0,0,0,8,0,3.7%
11-11-2018,@kumandgo,"18,418",0,"6,171",0,0,105,0,0,0,0,0,0,0,0,0%
11-12-2018,@kumandgo,"18,424",6,"6,171",0,9,206,0,16,4,3,0,0,9,0,7.8%
11-13-2018,@kumandgo,"18,425",1,"6,171",0,3,162,0,5,1,0,0,0,4,0,3.1%
11-14-2018,@kumandgo,"18,425",0,"6,171",0,4,670,0,99,21,1,1,0,76,0,14.8%
11-15-2018,@kumandgo,"18,421",-4,"6,170",-1,2,583,0,68,14,1,2,0,51,0,11.7%
11-16-2018,@kumandgo,"18,422",1,"6,169",-1,4,398,0,50,5,0,2,0,43,0,12.6%
11-17-2018,@kumandgo,"18,424",2,"6,169",0,0,121,0,3,0,0,0,0,3,0,2.5%
11-18-2018,@kumandgo,"18,418",-6,"6,169",0,0,78,0,2,1,0,0,0,1,0,2.6%
11-19-2018,@kumandgo,"18,419",1,"6,169",0,3,189,0,4,2,0,1,0,1,0,2.1%
11-20-2018,@kumandgo,"18,419",0,"6,169",0,1,"1,347",0,43,3,0,0,0,40,0,3.2%
11-21-2018,@kumandgo,"18,424",5,"6,168",-1,2,291,0,14,2,1,0,0,11,0,4.8%
11-22-2018,@kumandgo,"18,423",-1,"6,169",1,0,106,0,4,1,0,0,0,3,0,3.8%
11-23-2018,@kumandgo,"18,424",1,"6,168",-1,0,121,0,9,0,0,0,0,9,0,7.4%
11-24-2018,@kumandgo,"18,420",-4,"6,169",1,0,63,0,3,0,0,0,0,3,0,4.8%
11-25-2018,@kumandgo,"18,423",3,"6,169",0,0,197,0,5,0,0,0,0,5,0,2.5%
11-26-2018,@kumandgo,"18,426",3,"6,169",0,5,88,0,10,0,0,0,0,10,0,11.4%
11-27-2018,@kumandgo,"18,423",-3,"6,167",-2,3,158,0,37,2,0,0,0,35,0,23.4%
11-28-2018,@kumandgo,"18,424",1,"6,167",0,2,287,0,20,4,0,0,0,16,0,7%
11-29-2018,@kumandgo,"18,423",-1,"6,167",0,1,6,0,7,1,0,0,0,6,0,116.7%
11-30-2018,@kumandgo,"18,424",1,"6,167",0,3,148,7,17,5,0,1,0,11,0,11.5%
12-01-2018,@kumandgo,"18,420",-4,"6,163",-4,1,25,0,1,0,1,0,0,0,0,4%
12-02-2018,@kumandgo,"18,424",4,"6,165",2,0,13,0,0,0,0,0,0,0,0,0%
12-03-2018,@kumandgo,"18,428",4,"6,163",-2,7,151,0,17,5,0,0,0,12,0,11.3%
12-04-2018,@kumandgo,"18,439",11,"6,163",0,0,59,0,3,0,0,0,0,3,0,5.1%
12-05-2018,@kumandgo,"18,441",2,"6,163",0,3,113,0,2,0,0,0,0,2,0,1.8%
12-06-2018,@kumandgo,"18,442",1,"6,162",-1,8,"1,419",0,64,18,3,2,1,40,0,4.5%
12-07-2018,@kumandgo,"18,442",0,"6,163",1,5,"1,919",0,121,36,2,11,3,69,0,6.3%
12-08-2018,@kumandgo,"18,441",-1,"6,163",0,0,288,0,19,0,0,0,0,19,0,6.6%
12-09-2018,@kumandgo,"18,438",-3,"6,163",0,0,110,0,5,0,1,0,0,4,0,4.5%
12-10-2018,@kumandgo,"18,435",-3,"6,162",-1,1,"1,177",0,29,21,0,1,0,7,0,2.5%
12-11-2018,@kumandgo,"18,435",0,"6,162",0,0,548,0,11,9,0,0,0,2,0,2%
12-12-2018,@kumandgo,"18,431",-4,"6,161",-1,3,"1,200",0,8,0,1,0,0,7,0,0.7%
12-13-2018,@kumandgo,"18,435",4,"6,161",0,7,702,0,31,4,3,1,0,23,0,4.4%
12-14-2018,@kumandgo,"18,435",0,"6,161",0,7,540,0,23,3,2,0,0,18,0,4.3%
12-15-2018,@kumandgo,"18,435",0,"6,161",0,0,216,0,1,1,0,0,0,0,0,0.5%
12-16-2018,@kumandgo,"18,437",2,"6,159",-2,0,595,0,100,0,0,0,0,100,0,16.8%
12-17-2018,@kumandgo,"18,437",0,"6,161",2,7,"1,500",0,22,4,0,2,0,16,0,1.5%
12-18-2018,@kumandgo,"18,440",3,"6,160",-1,5,906,0,47,14,1,2,0,30,0,5.2%
12-19-2018,@kumandgo,"18,441",1,"6,159",-1,1,484,0,20,2,0,0,0,18,0,4.1%
12-20-2018,@kumandgo,"18,439",-2,"6,157",-2,6,"2,360",0,36,3,1,0,0,32,0,1.5%
12-21-2018,@kumandgo,"18,436",-3,"6,158",1,1,351,0,12,2,0,0,0,10,0,3.4%
12-22-2018,@kumandgo,"18,439",3,"6,159",1,0,192,0,7,0,0,0,0,7,0,3.6%
12-23-2018,@kumandgo,"18,439",0,"6,159",0,0,161,0,3,0,0,0,0,3,0,1.9%
12-24-2018,@kumandgo,"18,437",-2,"6,159",0,0,319,0,0,0,0,0,0,0,0,0%
12-25-2018,@kumandgo,"18,438",1,"6,159",0,0,268,0,6,1,0,0,0,5,0,2.2%
12-26-2018,@kumandgo,"18,435",-3,"6,158",-1,9,347,0,10,0,2,0,0,8,0,2.9%
12-27-2018,@kumandgo,"18,432",-3,"6,157",-1,1,343,0,16,1,0,-1,0,16,0,4.7%
12-28-2018,@kumandgo,"18,435",3,"6,156",-1,5,349,0,46,11,1,2,0,32,0,13.2%
12-29-2018,@kumandgo,"18,432",-3,"6,156",0,0,0,0,0,0,0,0,0,0,0,
12-30-2018,@kumandgo,"18,433",1,"6,156",0,0,0,0,0,0,0,0,0,0,0,
12-31-2018,@kumandgo,"18,430",-3,"6,155",-1,0,0,0,0,0,0,0,0,0,0,
01-01-2019,@kumandgo,"18,429",-1,"6,156",1,0,0,0,0,0,0,0,0,0,0,
01-02-2019,@kumandgo,"18,429",0,"6,154",-2,4,99,0,4,2,0,0,0,2,0,4%
01-03-2019,@kumandgo,"18,427",-2,"6,154",0,4,224,0,3,1,1,0,0,1,0,1.3%
01-04-2019,@kumandgo,"18,430",3,"6,154",0,3,73,0,9,1,0,0,0,8,0,12.3%
01-05-2019,@kumandgo,"18,428",-2,"6,154",0,0,26,0,0,0,0,0,0,0,0,0%
01-06-2019,@kumandgo,"18,428",0,"6,153",-1,0,31,0,1,1,0,0,0,0,0,3.2%
01-07-2019,@kumandgo,"18,436",8,"6,154",1,4,64,0,9,1,1,1,0,6,0,14.1%
01-08-2019,@kumandgo,"18,433",-3,"6,154",0,5,187,7,22,2,1,0,0,19,0,11.8%
01-09-2019,@kumandgo,"18,436",3,"6,154",0,3,"1,476",2,14,1,1,0,0,12,0,0.9%
01-10-2019,@kumandgo,"18,437",1,"6,153",-1,2,78,0,4,1,1,0,0,2,0,5.1%
01-11-2019,@kumandgo,"18,436",-1,"6,152",-1,2,93,0,7,2,2,1,0,2,0,7.5%
01-12-2019,@kumandgo,"18,435",-1,"6,151",-1,0,149,1,22,0,0,0,0,22,0,14.8%
01-13-2019,@kumandgo,"18,432",-3,"6,149",-2,0,43,0,3,0,0,0,0,3,0,7%
01-14-2019,@kumandgo,"18,430",-2,"6,149",0,1,"1,053",3,1,0,0,0,0,1,0,0.1%
01-15-2019,@kumandgo,"18,436",6,"6,149",0,8,282,1,24,5,4,0,0,15,0,8.5%
01-16-2019,@kumandgo,"18,437",1,"6,148",-1,4,996,1,31,15,2,1,0,13,0,3.1%
01-17-2019,@kumandgo,"18,434",-3,"6,148",0,2,628,1,38,11,0,1,1,25,0,6.1%
01-18-2019,@kumandgo,"18,435",1,"6,147",-1,8,"1,726",207,47,23,2,0,0,22,0,2.7%
01-19-2019,@kumandgo,"18,430",-5,"6,147",0,0,514,77,15,7,0,0,0,8,0,2.9%
01-20-2019,@kumandgo,"18,430",0,"6,147",0,0,216,15,3,2,0,0,0,1,0,1.4%
01-21-2019,@kumandgo,"18,430",0,"6,145",-2,8,"1,275",6,37,9,3,1,0,24,0,2.9%
01-22-2019,@kumandgo,"18,422",-8,"6,144",-1,2,965,5,25,5,2,2,0,16,0,2.6%
01-23-2019,@kumandgo,"18,421",-1,"6,143",-1,2,"2,152",3,169,51,0,8,0,110,0,7.9%
01-24-2019,@kumandgo,"18,426",5,"6,142",-1,3,"2,354",3,159,32,0,5,1,121,0,6.8%
01-25-2019,@kumandgo,"18,429",3,"6,142",0,16,"1,355",2,40,10,0,4,0,26,0,3%
01-26-2019,@kumandgo,"18,427",-2,"6,142",0,0,611,7,24,2,0,0,1,21,0,3.9%
01-27-2019,@kumandgo,"18,430",3,"6,143",1,0,439,0,4,3,0,0,0,1,0,0.9%
01-28-2019,@kumandgo,"18,425",-5,"6,142",-1,8,"1,655",2,32,19,0,0,1,12,0,1.9%
01-29-2019,@kumandgo,"18,422",-3,"6,142",0,2,35,0,11,2,0,0,0,9,0,31.4%
01-30-2019,@kumandgo,"18,412",-10,"6,141",-1,6,"1,167",0,26,12,0,0,0,14,0,2.2%
01-31-2019,@kumandgo,"18,413",1,"6,141",0,6,614,0,14,5,1,0,0,8,0,2.3%
02-01-2019,@kumandgo,"18,413",0,"6,140",-1,4,"1,034",0,66,37,0,4,0,25,0,6.4%
02-02-2019,@kumandgo,"18,412",-1,"6,139",-1,1,"1,559",185,44,32,0,2,0,10,0,2.8%
02-03-2019,@kumandgo,"18,414",2,"6,139",0,1,"1,431",118,42,21,1,4,0,16,0,2.9%
02-04-2019,@kumandgo,"18,407",-7,"6,136",-3,8,"2,041",170,45,24,5,1,0,15,0,2.2%
02-05-2019,@kumandgo,"18,402",-5,"6,133",-3,8,"1,597",61,27,8,3,1,0,15,0,1.7%
02-06-2019,@kumandgo,"18,402",0,"6,135",2,4,684,16,30,6,3,1,0,20,0,4.4%
02-07-2019,@kumandgo,"18,399",-3,"6,135",0,7,"2,351",9,15,6,0,2,0,7,0,0.6%
02-08-2019,@kumandgo,"18,397",-2,"6,134",-1,4,"1,297",8,17,3,2,0,0,12,0,1.3%
02-09-2019,@kumandgo,"18,404",7,"6,134",0,1,"1,290",5,44,7,2,3,0,14,18,3.4%
02-10-2019,@kumandgo,"18,408",4,"6,135",1,0,497,8,21,1,1,0,0,15,4,4.2%
02-11-2019,@kumandgo,"18,406",-2,"6,135",0,17,"1,639",2,35,18,5,0,0,12,0,2.1%
02-12-2019,@kumandgo,"18,405",-1,"6,134",-1,1,966,3,13,5,0,0,0,8,0,1.3%
02-13-2019,@kumandgo,"18,407",2,"6,134",0,5,"3,682",2,54,12,5,0,0,37,0,1.5%
02-14-2019,@kumandgo,"18,406",-1,"6,134",0,10,"2,290",103,30,18,3,0,0,9,0,1.3%
02-15-2019,@kumandgo,"18,406",0,"6,134",0,2,"1,646",37,35,4,1,1,0,29,0,2.1%
02-16-2019,@kumandgo,"18,407",1,"6,134",0,1,"1,915",91,8,2,1,0,1,4,0,0.4%
02-17-2019,@kumandgo,"18,403",-4,"6,132",-2,0,"3,971",19,1,0,0,0,1,0,0,0%
02-18-2019,@kumandgo,"18,402",-1,"6,131",-1,8,"2,277",4,41,8,2,0,0,31,0,1.8%
02-19-2019,@kumandgo,"18,404",2,"6,131",0,2,"2,243",7,11,2,2,1,1,5,0,0.5%
02-20-2019,@kumandgo,"18,398",-6,"6,131",0,15,"1,840",5,30,10,5,1,0,14,0,1.6%
02-21-2019,@kumandgo,"18,400",2,"6,131",0,5,"2,452",173,12,6,2,2,0,2,0,0.5%
02-22-2019,@kumandgo,"18,403",3,"6,131",0,5,"1,749",26,26,6,1,4,0,15,0,1.5%
02-23-2019,@kumandgo,"18,403",0,"6,131",0,0,"1,191",33,6,0,1,0,0,5,0,0.5%
02-24-2019,@kumandgo,"18,403",0,"6,129",-2,1,"1,624",150,6,0,0,0,2,4,0,0.4%
02-25-2019,@kumandgo,"18,408",5,"6,129",0,9,"1,757",28,31,10,0,1,0,20,0,1.8%
02-26-2019,@kumandgo,"18,405",-3,"6,129",0,15,"4,272",10,99,14,5,4,1,53,22,2.3%
02-27-2019,@kumandgo,"18,406",1,"6,130",1,1,"2,886",20,63,10,2,0,0,47,4,2.2%
02-28-2019,@kumandgo,"18,404",-2,"6,130",0,18,"5,193",9,131,34,4,0,0,91,2,2.5%
03-01-2019,@kumandgo,"18,402",-2,"6,130",0,7,121,7,41,11,4,0,0,26,0,33.9%
03-02-2019,@kumandgo,"18,403",1,"6,129",-1,0,66,4,6,2,0,0,0,4,0,9.1%
03-03-2019,@kumandgo,"18,403",0,"6,129",0,3,"2,709",1,46,26,2,0,0,18,0,1.7%
03-04-2019,@kumandgo,"18,408",5,"6,128",-1,27,"2,577",22,94,31,7,3,1,52,0,3.6%
03-05-2019,@kumandgo,"18,408",0,"6,129",1,9,"1,062",5,43,10,5,-1,0,29,0,4%
03-06-2019,@kumandgo,"18,407",-1,"6,129",0,1,"2,245",1,8,3,0,0,2,3,0,0.4%
03-07-2019,@kumandgo,"18,413",6,"6,128",-1,8,"2,873",0,68,18,2,5,11,32,0,2.4%
03-08-2019,@kumandgo,"18,412",-1,"6,128",0,17,"4,651",0,112,22,3,5,9,73,0,2.4%
03-09-2019,@kumandgo,"18,417",5,"6,128",0,0,"1,375",0,30,11,1,0,0,18,0,2.2%
03-10-2019,@kumandgo,"18,417",0,"6,128",0,12,"1,317",2,32,11,2,2,0,17,0,2.4%
03-11-2019,@kumandgo,"18,418",1,"6,128",0,10,"3,544",5,89,11,2,1,2,73,0,2.5%
03-12-2019,@kumandgo,"18,415",-3,"6,128",0,7,"1,738",2,58,9,2,0,8,39,0,3.3%
03-13-2019,@kumandgo,"18,417",2,"6,128",0,8,"1,736",6,71,11,0,1,2,57,0,4.1%
03-14-2019,@kumandgo,"18,419",2,"6,128",0,13,"2,507",1,96,29,2,5,3,57,0,3.8%
03-15-2019,@kumandgo,"18,421",2,"6,129",1,12,"3,405",0,71,27,6,1,0,37,0,2.1%
03-16-2019,@kumandgo,"18,421",0,"6,128",-1,1,"2,532",208,50,18,3,1,3,25,0,2%
03-17-2019,@kumandgo,"18,421",0,"6,128",0,10,"2,060",37,54,11,6,3,7,27,0,2.6%
03-18-2019,@kumandgo,"18,422",1,"6,126",-2,3,"2,335",16,42,12,0,2,1,27,0,1.8%
03-19-2019,@kumandgo,"18,419",-3,"6,126",0,0,995,8,13,5,1,1,0,6,0,1.3%
03-20-2019,@kumandgo,"18,418",-1,"6,126",0,9,"1,414",12,57,14,2,1,0,40,0,4%
03-21-2019,@kumandgo,"18,427",9,"6,126",0,8,"2,879",19,41,7,2,2,0,30,0,1.4%
03-22-2019,@kumandgo,"18,437",10,"6,126",0,13,"4,907",15,205,35,4,6,7,153,0,4.2%
03-23-2019,@kumandgo,"18,436",-1,"6,125",-1,1,"2,916",2,60,13,0,0,1,46,0,2.1%
03-24-2019,@kumandgo,"18,438",2,"6,126",1,0,"1,355",1,15,1,0,0,0,14,0,1.1%
03-25-2019,@kumandgo,"18,437",-1,"6,126",0,7,"2,062",162,50,10,2,1,0,37,0,2.4%
03-26-2019,@kumandgo,"18,438",1,"6,127",1,21,"4,534",69,206,41,7,13,0,145,0,4.5%
03-27-2019,@kumandgo,"18,439",1,"6,126",-1,7,"4,110",157,120,23,1,1,7,88,0,2.9%
03-28-2019,@kumandgo,"18,442",3,"6,124",-2,6,"1,891",63,80,12,2,2,0,64,0,4.2%
03-29-2019,@kumandgo,"18,445",3,"6,124",0,6,153,0,14,6,2,1,0,5,0,9.2%
03-30-2019,@kumandgo,"18,445",0,"6,124",0,0,39,0,3,0,0,0,0,3,0,7.7%
03-31-2019,@kumandgo,"18,446",1,"6,123",-1,0,30,0,3,0,0,0,0,3,0,10%
04-01-2019,@kumandgo,"18,447",1,"6,120",-3,10,779,10,22,7,1,1,0,13,0,2.8%
04-02-2019,@kumandgo,"18,449",2,"6,120",0,9,"1,138",4,38,9,1,1,2,25,0,3.3%
04-03-2019,@kumandgo,"18,449",0,"6,120",0,10,"2,290",102,36,12,3,1,0,20,0,1.6%
04-04-2019,@kumandgo,"18,456",7,"6,120",0,16,"1,835",24,48,17,7,3,0,21,0,2.6%
04-05-2019,@kumandgo,"18,453",-3,"6,120",0,6,"2,739",6,24,6,1,0,0,17,0,0.9%
04-06-2019,@kumandgo,"18,455",2,"6,120",0,0,356,2,3,0,0,0,0,3,0,0.8%
04-07-2019,@kumandgo,"18,454",-1,"6,119",-1,0,370,1,2,0,0,0,0,2,0,0.5%
04-08-2019,@kumandgo,"18,456",2,"6,119",0,10,655,6,19,7,1,1,0,10,0,2.9%
04-09-2019,@kumandgo,"18,456",0,"6,118",-1,8,895,4,34,5,1,1,0,27,0,3.8%
04-10-2019,@kumandgo,"18,452",-4,"6,118",0,7,"1,500",2,35,6,1,0,1,27,0,2.3%
04-11-2019,@kumandgo,"18,449",-3,"6,104",-14,11,"3,515",6,120,32,1,3,3,81,0,3.4%
04-12-2019,@kumandgo,"18,452",3,"6,094",-10,4,"2,182",32,45,18,1,1,1,24,0,2.1%
04-13-2019,@kumandgo,"18,453",1,"6,094",0,1,"3,057",8,62,13,0,5,0,44,0,2%
04-14-2019,@kumandgo,"18,454",1,"6,091",-3,0,"1,474",2,7,0,0,0,0,7,0,0.5%
04-15-2019,@kumandgo,"18,454",0,"6,091",0,6,"1,499",3,11,2,0,0,0,9,0,0.7%
04-16-2019,@kumandgo,"18,454",0,"6,091",0,12,"5,038",47,153,32,5,4,0,112,0,3%
04-17-2019,@kumandgo,"18,454",0,"6,058",-33,9,"6,687",27,336,40,11,3,3,279,0,5%
04-18-2019,@kumandgo,"18,476",22,"6,042",-16,16,"15,448",113,566,65,15,7,6,443,30,3.7%
04-19-2019,@kumandgo,"18,480",4,"5,945",-97,12,"14,126",183,693,76,9,8,15,584,1,4.9%
04-20-2019,@kumandgo,"18,479",-1,"5,799",-146,6,"9,694",300,328,36,8,2,0,282,0,3.4%
04-21-2019,@kumandgo,"18,483",4,"5,690",-109,1,"4,575",56,93,13,3,0,0,77,0,2%
04-22-2019,@kumandgo,"18,482",-1,"5,598",-92,27,"15,342",78,579,80,21,9,13,456,0,3.8%
04-23-2019,@kumandgo,"18,489",7,"5,580",-18,6,"12,651",81,542,35,11,3,14,479,0,4.3%
04-24-2019,@kumandgo,"18,498",9,"5,577",-3,3,"18,371",32,609,121,10,26,142,308,2,3.3%
04-25-2019,@kumandgo,"18,504",6,"5,569",-8,10,"14,612",53,446,89,2,10,20,325,0,3.1%
04-26-2019,@kumandgo,"18,508",4,"5,570",1,8,"10,510",168,402,57,3,7,50,285,0,3.8%
04-27-2019,@kumandgo,"18,507",-1,"5,570",0,2,"2,928",41,174,14,2,0,13,145,0,5.9%
04-28-2019,@kumandgo,"18,509",2,"5,566",-4,1,"3,316",9,87,6,0,1,4,76,0,2.6%
04-29-2019,@kumandgo,"18,505",-4,"5,561",-5,4,"3,373",307,90,25,3,1,1,60,0,2.7%
04-30-2019,@kumandgo,"18,503",-2,"5,559",-2,3,"4,878",58,136,47,0,7,2,80,0,2.8%
05-01-2019,@kumandgo,"18,504",1,"5,552",-7,8,"4,221",261,171,44,7,9,0,111,0,4.1%
05-02-2019,@kumandgo,"18,508",4,"5,544",-8,1,"6,008",110,342,84,8,8,2,240,0,5.7%
05-03-2019,@kumandgo,"18,511",3,"5,375",-169,8,"5,507",36,220,24,7,3,13,173,0,4%
05-04-2019,@kumandgo,"18,509",-2,"5,338",-37,4,"5,069",23,119,29,3,9,5,73,0,2.3%
05-05-2019,@kumandgo,"18,512",3,"5,328",-10,1,"3,164",6,72,16,2,9,0,45,0,2.3%
05-06-2019,@kumandgo,"18,508",-4,"5,326",-2,6,"22,080",24,"1,000",205,1,37,15,742,0,4.5%
05-07-2019,@kumandgo,"18,507",-1,"5,313",-13,5,"11,706",54,373,68,6,13,10,276,0,3.2%
05-08-2019,@kumandgo,"18,530",23,"4,468",-845,7,"100,777",36,"3,550","1,489",10,234,12,"1,805",0,3.5%
05-09-2019,@kumandgo,"18,740",210,"4,406",-62,6,"1,778,559",231,"92,271","32,794",48,"3,364",96,"55,968",1,5.2%
05-10-2019,@kumandgo,"18,855",115,"4,388",-18,4,"1,183,629",133,"47,616","18,669",23,"1,763",292,"26,869",0,4%
05-11-2019,@kumandgo,"18,856",1,"4,372",-16,2,"101,092",14,"3,415",800,2,110,33,"2,470",0,3.4%
05-12-2019,@kumandgo,"18,860",4,"4,318",-54,2,"43,922",7,"1,209",208,3,18,12,968,0,2.8%
05-13-2019,@kumandgo,"18,861",1,"4,297",-21,3,"34,625",28,870,133,1,22,6,708,0,2.5%
05-14-2019,@kumandgo,"18,858",-3,"4,264",-33,5,"25,450",77,505,90,2,7,2,404,0,2%
05-15-2019,@kumandgo,"18,860",2,"4,236",-28,5,"22,081",21,527,67,3,5,15,437,0,2.4%
05-16-2019,@kumandgo,"18,870",10,"4,180",-56,5,"26,085",30,638,144,5,16,9,464,0,2.4%
05-17-2019,@kumandgo,"18,880",10,"3,459",-721,4,"24,176",52,415,98,2,5,5,305,0,1.7%
05-18-2019,@kumandgo,"18,886",6,"3,438",-21,3,"19,112",106,412,98,2,14,5,293,0,2.2%
05-19-2019,@kumandgo,"18,884",-2,"3,395",-43,2,"12,365",8,190,20,1,-1,3,167,0,1.5%
05-20-2019,@kumandgo,"18,890",6,"2,996",-399,3,"10,249",73,176,23,1,1,2,149,0,1.7%
05-21-2019,@kumandgo,"18,885",-5,"2,304",-692,5,"13,592",71,369,49,2,-1,3,316,0,2.7%
05-22-2019,@kumandgo,"18,885",0,"1,938",-366,3,"11,975",21,416,52,1,6,7,350,0,3.5%
05-23-2019,@kumandgo,"18,888",3,"1,296",-642,6,"13,433",23,693,62,6,6,13,606,0,5.2%
05-24-2019,@kumandgo,"18,896",8,"1,288",-8,4,"19,881",32,"1,744",138,3,12,18,"1,573",0,8.8%
05-25-2019,@kumandgo,"18,900",4,"1,286",-2,0,"6,923",20,237,12,0,-2,0,227,0,3.4%
05-26-2019,@kumandgo,"18,900",0,"1,284",-2,0,"4,402",4,71,7,0,0,0,64,0,1.6%
05-27-2019,@kumandgo,"18,898",-2,"1,284",0,0,"3,796",2,67,8,0,1,0,58,0,1.8%
05-28-2019,@kumandgo,"18,894",-4,778,-506,4,"11,035",1,380,42,1,6,5,326,0,3.4%
05-29-2019,@kumandgo,"18,895",1,300,-478,3,"4,298",0,173,47,1,6,0,119,0,4%
05-30-2019,@kumandgo,"18,893",-2,297,-3,6,"7,355",0,155,71,0,10,1,73,0,2.1%
05-31-2019,@kumandgo,"18,896",3,1,-296,5,"4,859",58,128,40,3,6,2,77,0,2.6%
06-01-2019,@kumandgo,"18,897",1,3,2,4,"2,306",339,160,40,1,0,1,118,0,6.9%
06-02-2019,@kumandgo,"18,900",3,4,1,1,"2,661",97,46,14,2,1,0,29,0,1.7%
06-03-2019,@kumandgo,"18,906",6,3,-1,5,"11,760",88,819,270,18,31,2,498,0,7%
06-04-2019,@kumandgo,"18,911",5,3,0,4,"11,198",56,762,105,6,12,11,611,17,6.8%
06-05-2019,@kumandgo,"18,914",3,3,0,5,"7,511",57,267,57,3,9,8,182,8,3.6%
06-06-2019,@kumandgo,"18,918",4,3,0,7,"9,220",70,228,53,8,5,12,150,0,2.5%
06-07-2019,@kumandgo,"18,929",11,3,0,5,"12,715",35,830,61,13,16,106,633,1,6.5%
06-08-2019,@kumandgo,"18,935",6,3,0,2,"11,861",13,741,42,6,9,55,629,0,6.2%
06-09-2019,@kumandgo,"18,936",1,3,0,0,"5,955",2,132,11,1,2,8,109,1,2.2%
06-10-2019,@kumandgo,"18,938",2,3,0,2,"10,119",6,207,41,3,6,17,140,0,2%
06-11-2019,@kumandgo,"18,951",13,4,1,6,"15,454",7,423,54,3,11,88,266,1,2.7%
06-12-2019,@kumandgo,"18,957",6,4,0,5,"17,191",7,397,87,11,12,27,260,0,2.3%
06-13-2019,@kumandgo,"18,957",0,4,0,4,"9,885",75,450,52,0,6,17,375,0,4.6%
06-14-2019,@kumandgo,"18,960",3,4,0,8,"16,139",43,771,177,12,9,60,513,0,4.8%
06-15-2019,@kumandgo,"18,971",11,4,0,3,"16,370",26,735,173,5,8,109,440,0,4.5%
06-16-2019,@kumandgo,"18,972",1,4,0,3,"7,782",198,222,37,3,0,18,164,0,2.9%
06-17-2019,@kumandgo,"18,974",2,4,0,7,"7,248",285,286,52,7,1,15,211,0,3.9%
06-18-2019,@kumandgo,"18,973",-1,4,0,3,"8,384",79,287,39,2,8,57,181,0,3.4%
06-19-2019,@kumandgo,"18,971",-2,4,0,5,"6,480",295,181,33,0,4,29,115,0,2.8%
06-20-2019,@kumandgo,"18,972",1,4,0,5,"11,416",99,481,91,4,24,49,313,0,4.2%
06-21-2019,@kumandgo,"18,975",3,5,1,4,"12,979",38,392,45,5,6,20,316,0,3%
06-22-2019,@kumandgo,"18,976",1,5,0,2,"7,608",10,132,32,1,1,10,88,0,1.7%
06-23-2019,@kumandgo,"18,981",5,5,0,2,"6,401",11,103,27,0,2,0,74,0,1.6%
06-24-2019,@kumandgo,"18,983",2,5,0,9,"14,295",16,218,62,5,1,2,148,0,1.5%
06-25-2019,@kumandgo,"18,985",2,5,0,4,"10,403",11,407,50,1,10,19,327,0,3.9%
06-26-2019,@kumandgo,"18,989",4,5,0,2,"9,052",9,331,47,1,1,16,266,0,3.7%
06-27-2019,@kumandgo,"18,990",1,5,0,6,"9,260",29,653,90,4,14,11,534,0,7.1%
06-28-2019,@kumandgo,"19,006",16,5,0,2,"10,384",27,878,110,6,9,20,733,0,8.5%
06-29-2019,@kumandgo,"19,013",7,5,0,1,"3,619",0,86,48,1,8,0,29,0,2.4%
06-30-2019,@kumandgo,"19,012",-1,5,0,2,"3,537",0,174,30,1,4,0,139,0,4.9%
07-01-2019,@kumandgo,"19,015",3,5,0,2,"6,088",0,77,39,1,2,0,35,0,1.3%
07-02-2019,@kumandgo,"19,021",6,5,0,3,"2,679",11,48,20,1,3,0,24,0,1.8%
07-03-2019,@kumandgo,"19,030",9,5,0,4,"8,150",548,156,48,2,5,1,100,0,1.9%
07-04-2019,@kumandgo,"19,030",0,5,0,4,"6,704",578,918,89,7,15,2,805,0,13.7%
07-05-2019,@kumandgo,"19,046",16,5,0,5,"212,680",154,"22,080","1,023",22,139,181,"20,715",0,10.4%
07-06-2019,@kumandgo,"19,062",16,5,0,4,"270,611",105,"14,696",539,15,51,100,"13,991",0,5.4%
07-07-2019,@kumandgo,"19,064",2,5,0,1,"106,178",18,558,56,2,9,5,486,0,0.5%
07-08-2019,@kumandgo,"19,064",0,5,0,7,"101,343",29,923,72,6,7,4,833,1,0.9%
07-09-2019,@kumandgo,"19,066",2,6,1,4,"15,745",22,386,32,5,1,5,343,0,2.5%
07-10-2019,@kumandgo,"19,066",0,6,0,5,"15,477",618,995,67,8,9,13,898,0,6.4%
07-11-2019,@kumandgo,"19,066",0,6,0,7,"11,827",780,762,69,6,10,3,674,0,6.4%
07-12-2019,@kumandgo,"19,071",5,6,0,1,"5,812",57,261,25,2,5,1,228,0,4.5%
07-13-2019,@kumandgo,"19,069",-2,6,0,0,"4,216",34,65,9,1,2,0,53,0,1.5%
07-14-2019,@kumandgo,"19,069",0,6,0,2,"3,430",25,187,23,0,1,2,161,0,5.5%
07-15-2019,@kumandgo,"19,073",4,6,0,5,"5,562",40,130,22,0,1,6,101,0,2.3%
07-16-2019,@kumandgo,"19,069",-4,6,0,1,"6,500",24,105,23,2,5,1,74,0,1.6%
07-17-2019,@kumandgo,"19,075",6,6,0,2,"23,959",31,"1,651",145,4,6,50,"1,446",0,6.9%
07-18-2019,@kumandgo,"19,072",-3,6,0,2,"7,743",474,239,45,3,4,6,181,0,3.1%
07-19-2019,@kumandgo,"19,080",8,6,0,2,"9,320",164,200,58,-1,6,16,121,0,2.1%
07-20-2019,@kumandgo,"19,077",-3,6,0,0,"3,803",33,82,17,1,-1,1,64,0,2.2%
07-21-2019,@kumandgo,"19,081",4,6,0,1,"4,415",9,51,22,0,2,1,26,0,1.2%
07-22-2019,@kumandgo,"19,085",4,6,0,5,"7,927",30,111,40,2,3,2,64,0,1.4%
07-23-2019,@kumandgo,"19,093",8,7,1,3,"8,852",23,180,75,3,6,1,95,0,2%
07-24-2019,@kumandgo,"19,093",0,7,0,2,"7,537",40,120,34,5,3,2,76,0,1.6%
07-25-2019,@kumandgo,"19,096",3,7,0,2,"5,212",14,116,34,2,0,5,75,0,2.2%
07-26-2019,@kumandgo,"19,100",4,8,1,1,"7,599",18,172,34,2,2,1,133,0,2.3%
07-27-2019,@kumandgo,"19,099",-1,8,0,2,"3,984",9,191,16,-1,1,1,174,0,4.8%
07-28-2019,@kumandgo,"19,097",-2,8,0,1,"3,806",8,79,13,0,1,1,64,0,2.1%
07-29-2019,@kumandgo,"19,100",3,8,0,1,"1,398",0,164,14,0,3,2,145,0,11.7%
07-30-2019,@kumandgo,"19,099",-1,8,0,7,"6,151",0,140,49,7,0,2,82,0,2.3%
07-31-2019,@kumandgo,"19,099",0,9,1,2,"5,851",0,65,28,2,0,0,35,0,1.1%
08-01-2019,@kumandgo,"19,102",3,9,0,3,"4,291",0,357,24,5,35,22,271,0,8.3%
08-02-2019,@kumandgo,"19,102",0,9,0,2,"2,959",0,253,9,1,12,8,223,0,8.6%
08-03-2019,@kumandgo,"19,106",4,9,0,6,"4,663",0,218,58,5,11,1,141,2,4.7%
08-04-2019,@kumandgo,"19,107",1,9,0,1,"1,478",0,56,9,1,2,0,44,0,3.8%
08-05-2019,@kumandgo,"19,108",1,9,0,1,"2,647",0,49,5,0,5,2,37,0,1.9%
08-06-2019,@kumandgo,"19,111",3,9,0,2,"5,533",0,91,26,2,5,0,58,0,1.6%
08-07-2019,@kumandgo,"19,118",7,11,2,4,"4,585",0,119,30,0,1,1,87,0,2.6%
08-08-2019,@kumandgo,"19,117",-1,12,1,4,"7,298",0,228,52,4,6,2,164,0,3.1%
08-09-2019,@kumandgo,"19,118",1,13,1,6,"6,321",0,232,43,1,3,8,177,0,3.7%
08-10-2019,@kumandgo,"19,119",1,13,0,1,"3,476",0,52,9,0,1,0,42,0,1.5%
08-11-2019,@kumandgo,"19,118",-1,13,0,1,"3,706",0,18,5,0,1,0,12,0,0.5%
08-12-2019,@kumandgo,"19,122",4,13,0,4,"7,393",0,109,15,1,-1,2,92,0,1.5%
08-13-2019,@kumandgo,"19,133",11,13,0,14,"17,127",0,769,169,54,10,2,534,0,4.5%
08-14-2019,@kumandgo,"19,265",132,23,10,25,"56,102",0,"3,642",583,43,33,8,"2,975",0,6.5%
08-15-2019,@kumandgo,"19,306",41,23,0,8,"27,961",0,"1,378",259,15,16,9,"1,079",0,4.9%
08-16-2019,@kumandgo,"19,335",29,24,1,10,"27,333",939,"1,747",216,13,14,19,"1,484",1,6.4%
08-17-2019,@kumandgo,"19,343",8,24,0,0,"10,401",333,826,35,2,1,1,787,0,7.9%
08-18-2019,@kumandgo,"19,351",8,24,0,2,"10,742",38,500,55,2,9,27,407,0,4.7%
08-19-2019,@kumandgo,"19,361",10,23,-1,9,"16,625",590,659,108,6,12,42,491,0,4%
08-20-2019,@kumandgo,"19,364",3,23,0,5,"13,726",877,607,68,2,8,28,501,0,4.4%
08-21-2019,@kumandgo,"19,363",-1,23,0,3,"11,580",421,238,47,1,2,4,184,0,2.1%
08-22-2019,@kumandgo,"19,359",-4,23,0,1,"3,560",149,80,10,1,0,4,65,0,2.2%
08-23-2019,@kumandgo,"19,359",0,23,0,3,"13,368",138,409,76,7,8,3,315,0,3.1%
08-24-2019,@kumandgo,"19,361",2,23,0,0,"3,418",44,109,13,1,2,1,92,0,3.2%
08-25-2019,@kumandgo,"19,359",-2,23,0,3,"4,806",21,137,39,4,5,0,89,0,2.9%
08-26-2019,@kumandgo,"19,359",0,23,0,5,"7,526",37,229,36,0,4,4,185,0,3%
08-27-2019,@kumandgo,"19,361",2,23,0,2,"6,860",16,143,22,2,0,1,118,0,2.1%
08-28-2019,@kumandgo,"19,361",0,23,0,2,"5,105",16,78,14,0,-1,2,63,0,1.5%
08-29-2019,@kumandgo,"19,363",2,23,0,4,"5,104",0,205,92,4,8,0,101,0,4%
08-30-2019,@kumandgo,"19,372",9,23,0,7,"7,061",866,422,99,4,12,3,304,0,6%
08-31-2019,@kumandgo,"19,364",-8,23,0,4,"6,401",87,451,45,3,6,1,396,0,7%
09-01-2019,@kumandgo,"19,367",3,23,0,2,"4,030",0,277,89,2,12,2,172,0,6.9%
09-02-2019,@kumandgo,"19,371",4,23,0,2,"7,018",0,358,81,3,8,0,266,0,5.1%
09-03-2019,@kumandgo,"19,374",3,23,0,3,"5,244",0,217,45,7,4,1,160,0,4.1%
09-04-2019,@kumandgo,"19,371",-3,23,0,6,"11,585",993,392,100,23,7,2,260,0,3.4%
09-05-2019,@kumandgo,"19,383",12,24,1,26,"33,218",393,"1,008",266,73,19,2,648,0,3%
09-06-2019,@kumandgo,"19,396",13,24,0,9,"35,498",362,942,252,26,17,5,642,0,2.7%
09-07-2019,@kumandgo,"19,402",6,24,0,0,"5,434",57,148,28,2,3,0,115,0,2.7%
09-08-2019,@kumandgo,"19,403",1,24,0,0,"2,003",17,38,2,0,0,0,36,0,1.9%
09-09-2019,@kumandgo,"19,401",-2,24,0,3,"6,753",14,145,68,2,9,0,66,0,2.1%
09-10-2019,@kumandgo,"19,406",5,24,0,4,"5,524",24,209,39,0,4,3,163,0,3.8%
09-11-2019,@kumandgo,"19,404",-2,24,0,2,"7,537",7,167,12,1,1,9,144,0,2.2%
09-12-2019,@kumandgo,"19,415",11,24,0,1,"4,162",6,48,16,0,2,2,28,0,1.2%
09-13-2019,@kumandgo,"19,417",2,24,0,2,"5,316",17,119,34,37,2,0,46,0,2.2%
09-14-2019,@kumandgo,"19,421",4,24,0,0,"3,553",7,95,21,13,1,0,60,0,2.7%
09-15-2019,@kumandgo,"19,424",3,24,0,2,"3,287",10,54,7,1,0,0,46,0,1.6%
09-16-2019,@kumandgo,"19,464",40,24,0,4,"56,207","2,101","1,819",327,38,22,25,"1,407",0,3.2%
09-17-2019,@kumandgo,"19,568",104,24,0,1,"113,296","3,998","10,575",409,121,25,22,"9,998",0,9.3%
09-18-2019,@kumandgo,"19,593",25,24,0,5,"24,390",456,"1,533",65,16,3,5,"1,444",0,6.3%
09-19-2019,@kumandgo,"19,608",15,25,1,1,"13,904",199,620,32,4,3,7,574,0,4.5%
09-20-2019,@kumandgo,"19,620",12,26,1,3,"12,918","2,025",535,36,8,7,3,481,0,4.1%
09-21-2019,@kumandgo,"19,620",0,26,0,0,"5,353",941,263,8,0,1,0,254,0,4.9%
09-22-2019,@kumandgo,"19,625",5,26,0,0,"2,674",199,111,5,-2,0,0,108,0,4.2%
09-23-2019,@kumandgo,"19,627",2,26,0,3,"7,674",147,417,34,6,5,4,368,0,5.4%
09-24-2019,@kumandgo,"19,626",-1,26,0,1,"7,899",72,391,33,6,10,0,342,0,4.9%
09-25-2019,@kumandgo,"19,624",-2,26,0,1,"6,809",91,273,19,-2,4,6,246,0,4%
09-26-2019,@kumandgo,"19,624",0,26,0,4,"8,910",35,793,47,6,3,7,730,0,8.9%
09-27-2019,@kumandgo,"19,625",1,26,0,6,"6,258",18,283,35,0,2,5,241,0,4.5%
09-28-2019,@kumandgo,"19,624",-1,26,0,1,"5,174",18,243,19,2,5,2,215,0,4.7%
09-29-2019,@kumandgo,"19,625",1,26,0,0,0,0,0,0,0,0,0,0,0,
09-30-2019,@kumandgo,"19,619",-6,26,0,0,0,0,0,0,0,0,0,0,0,
10-01-2019,@kumandgo,"19,622",3,26,0,1,"1,707",0,77,7,0,7,5,58,0,4.5%
10-02-2019,@kumandgo,"19,624",2,26,0,9,"30,213",81,574,102,21,20,1,430,0,1.9%
10-03-2019,@kumandgo,"19,716",92,27,1,6,"92,889",50,"35,580",878,24,133,43,"34,501",1,38.3%
10-04-2019,@kumandgo,"19,783",67,27,0,4,"84,044",17,"16,545",709,12,88,42,"15,691",3,19.7%
10-05-2019,@kumandgo,"19,788",5,27,0,0,"11,931",3,"1,722",128,2,9,7,"1,576",0,14.4%
10-06-2019,@kumandgo,"19,789",1,27,0,4,"8,105",1,812,174,2,11,1,624,0,10%
10-07-2019,@kumandgo,"19,811",22,27,0,3,"9,863",5,819,167,8,20,2,622,0,8.3%
10-08-2019,@kumandgo,"19,818",7,27,0,4,"14,463",3,"1,145",164,10,24,3,944,0,7.9%
10-09-2019,@kumandgo,"19,829",11,27,0,4,"8,717",683,605,112,3,13,0,477,0,6.9%
10-10-2019,@kumandgo,"19,838",9,27,0,4,"9,789",232,954,105,5,8,7,829,0,9.7%
10-11-2019,@kumandgo,"19,849",11,27,0,10,"13,459",49,806,137,7,20,8,633,1,6%
10-12-2019,@kumandgo,"19,849",0,28,1,1,"11,455",17,370,99,3,8,2,258,0,3.2%
10-13-2019,@kumandgo,"19,858",9,28,0,0,"4,131",11,130,19,1,3,0,107,0,3.1%
10-14-2019,@kumandgo,"19,858",0,28,0,1,"7,112",12,194,51,6,8,0,129,0,2.7%
10-15-2019,@kumandgo,"19,854",-4,27,-1,5,"11,863",10,277,78,12,8,1,178,0,2.3%
10-16-2019,@kumandgo,"19,869",15,28,1,6,"11,085",12,713,71,69,6,2,565,0,6.4%
10-17-2019,@kumandgo,"19,899",30,28,0,5,"18,610",9,"1,072",186,46,31,3,806,0,5.8%
10-18-2019,@kumandgo,"19,911",12,29,1,2,"11,320",9,549,68,6,8,4,463,0,4.8%
10-19-2019,@kumandgo,"19,914",3,29,0,0,"3,104",5,158,6,1,0,0,151,0,5.1%
10-20-2019,@kumandgo,"19,918",4,29,0,3,"4,512",3,421,24,0,3,7,387,0,9.3%
10-21-2019,@kumandgo,"19,921",3,29,0,5,"5,323",3,323,56,2,2,6,257,0,6.1%
10-22-2019,@kumandgo,"19,937",16,29,0,7,"8,103",3,358,76,6,4,2,270,0,4.4%
10-23-2019,@kumandgo,"19,943",6,27,-2,2,"18,145",15,519,151,8,50,4,306,0,2.9%
10-24-2019,@kumandgo,"19,975",32,26,-1,2,"74,137",12,"2,067",692,4,70,33,"1,268",0,2.8%
10-25-2019,@kumandgo,"19,976",1,26,0,3,"12,501",1,459,121,14,13,45,266,0,3.7%
10-26-2019,@kumandgo,"19,986",10,26,0,0,"8,191",8,334,84,15,14,3,218,0,4.1%
10-27-2019,@kumandgo,"19,986",0,26,0,0,"2,929",0,77,9,4,3,1,60,0,2.6%
10-28-2019,@kumandgo,"19,986",0,26,0,3,"6,277",1,88,28,1,3,3,53,0,1.4%
10-29-2019,@kumandgo,"19,978",-8,26,0,3,"6,031",21,89,28,1,1,0,59,0,1.5%
10-30-2019,@kumandgo,"19,983",5,26,0,5,"6,559",8,169,46,0,7,2,114,0,2.6%
10-31-2019,@kumandgo,"19,999",16,26,0,11,"25,991",94,"1,309",120,14,9,2,"1,164",0,5%
11-01-2019,@kumandgo,"20,011",12,27,1,8,"6,832",2,362,92,12,4,0,254,0,5.3%
11-02-2019,@kumandgo,"20,015",4,28,1,1,"2,269",1,93,14,1,1,0,77,0,4.1%
11-03-2019,@kumandgo,"20,022",7,28,0,1,"5,326",1,141,73,2,8,0,58,0,2.6%
11-04-2019,@kumandgo,"20,023",1,29,1,3,"7,663",2,351,40,1,7,19,283,1,4.6%
11-05-2019,@kumandgo,"20,024",1,29,0,2,"6,925",18,320,33,1,8,41,222,15,4.6%
11-06-2019,@kumandgo,"20,033",9,29,0,4,"14,781",9,"3,654",157,2,15,26,"3,455",0,24.7%
11-07-2019,@kumandgo,"20,038",5,29,0,8,"34,484",12,"7,213",291,5,30,25,"6,862",0,20.9%
11-08-2019,@kumandgo,"20,043",5,29,0,1,"14,550",16,"2,013",124,5,10,8,"1,866",0,13.8%
11-09-2019,@kumandgo,"20,047",4,29,0,0,"4,528",0,553,20,0,1,1,531,0,12.2%
11-10-2019,@kumandgo,"20,048",1,29,0,0,"2,341",1,81,3,1,0,7,70,0,3.5%
11-11-2019,@kumandgo,"20,044",-4,29,0,0,"3,097",2,71,3,0,0,11,57,0,2.3%
11-12-2019,@kumandgo,"20,043",-1,29,0,2,"10,040",3,148,40,4,4,4,96,0,1.5%
11-13-2019,@kumandgo,"20,035",-8,29,0,1,"8,740",3,162,37,4,29,5,87,0,1.9%
11-14-2019,@kumandgo,"20,036",1,29,0,5,"11,809",1,698,95,6,17,8,572,0,5.9%
11-15-2019,@kumandgo,"20,037",1,29,0,1,"6,414",7,218,21,0,4,6,187,0,3.4%
11-16-2019,@kumandgo,"20,038",1,29,0,3,"6,991",3,260,15,2,0,3,240,0,3.7%
11-17-2019,@kumandgo,"20,048",10,29,0,5,"7,677",10,363,24,1,5,7,326,0,4.7%
11-18-2019,@kumandgo,"20,046",-2,29,0,6,"12,389",0,598,104,0,12,3,479,0,4.8%
11-19-2019,@kumandgo,"20,049",3,29,0,8,"24,491",11,"1,555",175,13,44,109,"1,214",0,6.3%
11-20-2019,@kumandgo,"20,090",41,30,1,12,"35,219",10,"2,054",245,13,36,174,"1,586",0,5.8%
11-21-2019,@kumandgo,"20,092",2,30,0,7,"16,516",7,"1,120",124,8,13,12,963,0,6.8%
11-22-2019,@kumandgo,"20,093",1,30,0,1,"8,404",1,488,39,0,3,20,426,0,5.8%
11-23-2019,@kumandgo,"20,096",3,30,0,2,"6,272",0,117,19,2,1,3,92,0,1.9%
11-24-2019,@kumandgo,"20,094",-2,30,0,1,"8,201",0,209,43,2,2,4,158,0,2.5%
11-25-2019,@kumandgo,"20,093",-1,30,0,2,"5,932",314,136,18,0,1,5,112,0,2.3%
11-26-2019,@kumandgo,"20,095",2,30,0,9,"31,596",958,"3,317",365,66,21,39,"2,826",0,10.5%
11-27-2019,@kumandgo,"20,120",25,30,0,12,"73,925","1,361","6,845",561,27,26,43,"6,188",0,9.3%
11-28-2019,@kumandgo,"20,170",50,30,0,1,"16,530",757,"1,347",163,5,10,12,"1,156",1,8.1%
11-29-2019,@kumandgo,"20,174",4,29,-1,6,"10,335",179,559,54,7,5,5,488,0,5.4%
11-30-2019,@kumandgo,"20,170",-4,29,0,1,"5,120",33,240,33,4,1,1,201,0,4.7%
12-01-2019,@kumandgo,"20,168",-2,29,0,2,"4,014",28,176,21,1,2,1,151,0,4.4%
12-02-2019,@kumandgo,"20,170",2,29,0,3,"9,726",52,258,71,4,11,17,155,0,2.7%
12-03-2019,@kumandgo,"20,169",-1,30,1,7,"13,893",51,"1,328",69,6,2,15,"1,236",0,9.6%
12-04-2019,@kumandgo,"20,173",4,30,0,5,"11,452",785,571,84,1,15,10,461,0,5%
12-05-2019,@kumandgo,"20,173",0,30,0,11,"16,231",334,526,103,88,9,1,325,0,3.2%
12-06-2019,@kumandgo,"20,176",3,31,1,8,"356,745",820,"27,894","9,597",114,639,87,"17,456",1,7.8%
12-07-2019,@kumandgo,"20,258",82,31,0,2,"604,472","1,386","50,026","17,088",85,"1,165",86,"31,598",4,8.3%
12-08-2019,@kumandgo,"20,350",92,32,1,1,"278,996",705,"20,478","6,741",31,441,59,"13,206",0,7.3%
12-09-2019,@kumandgo,"20,393",43,32,0,5,"204,011",598,"17,908","5,688",25,398,43,"11,754",0,8.8%
12-10-2019,@kumandgo,"20,428",35,32,0,5,"116,136",254,"7,333","2,249",12,122,10,"4,939",1,6.3%
12-11-2019,@kumandgo,"20,449",21,32,0,8,"88,507",176,"5,362","1,453",17,115,8,"3,769",0,6.1%
12-12-2019,@kumandgo,"20,492",43,32,0,14,"457,894",836,"28,322","7,978",41,"1,345",39,"18,916",3,6.2%
12-13-2019,@kumandgo,"20,702",210,32,0,22,"489,683",765,"24,147","6,881",26,"1,102",26,"16,109",3,4.9%
12-14-2019,@kumandgo,"20,815",113,37,5,4,"96,914",159,"6,013",896,2,148,10,"4,957",0,6.2%
12-15-2019,@kumandgo,"20,974",159,37,0,2,"343,575","4,357","30,634","6,260",62,"1,296",113,"22,898",5,8.9%
12-16-2019,@kumandgo,"21,211",237,38,1,6,"91,736","6,908","7,206",802,10,78,28,"6,288",0,7.9%
12-17-2019,@kumandgo,"21,243",32,38,0,3,"55,052",910,"3,562",307,4,31,19,"3,201",0,6.5%
12-18-2019,@kumandgo,"21,273",30,38,0,8,"45,027",312,"2,110",320,14,35,5,"1,736",0,4.7%
12-19-2019,@kumandgo,"21,289",16,38,0,6,"45,397",229,"1,631",350,11,51,1,"1,218",0,3.6%
12-20-2019,@kumandgo,"21,297",8,38,0,3,"42,575",183,"1,216",241,4,32,5,934,0,2.9%
12-21-2019,@kumandgo,"21,306",9,38,0,5,"23,681",133,772,82,1,21,7,661,0,3.3%
12-22-2019,@kumandgo,"21,314",8,38,0,2,"24,417",118,825,92,4,6,2,721,0,3.4%
12-23-2019,@kumandgo,"21,329",15,38,0,1,"28,094",95,"1,523",108,2,2,3,"1,408",0,5.4%
12-24-2019,@kumandgo,"21,342",13,38,0,2,"22,527",71,971,86,0,8,2,875,0,4.3%
12-25-2019,@kumandgo,"21,345",3,39,1,2,"20,936",39,767,132,6,4,4,621,0,3.7%
12-26-2019,@kumandgo,"21,349",4,39,0,1,"20,915",50,425,55,2,3,0,365,0,2%
12-27-2019,@kumandgo,"21,349",0,39,0,3,"21,535",253,822,132,3,15,3,668,1,3.8%
12-28-2019,@kumandgo,"21,353",4,39,0,3,"18,725",596,670,129,5,13,4,519,0,3.6%
12-29-2019,@kumandgo,"21,356",3,39,0,6,"20,481",416,"1,812",234,5,8,1,"1,564",0,8.8%
12-30-2019,@kumandgo,"21,361",5,39,0,1,"24,215",291,"1,800",313,1,27,8,"1,451",0,7.4%
12-31-2019,@kumandgo,"21,362",1,39,0,6,"19,431",97,816,109,10,7,7,683,0,4.2%
01-01-2020,@kumandgo,"21,368",6,39,0,1,"16,939",61,583,101,7,10,3,462,0,3.4%
01-02-2020,@kumandgo,"21,368",0,39,0,2,"20,444",79,590,86,1,2,0,501,0,2.9%
01-03-2020,@kumandgo,"21,365",-3,39,0,3,"29,573",58,"1,242",153,14,17,13,"1,045",0,4.2%
01-04-2020,@kumandgo,"21,364",-1,39,0,3,"84,617",247,"6,291",852,15,62,5,"5,357",0,7.4%
01-05-2020,@kumandgo,"21,406",42,39,0,1,"28,390",81,"1,492",191,2,4,2,"1,293",0,5.3%
01-06-2020,@kumandgo,"21,412",6,39,0,2,"13,255",37,460,46,1,0,3,410,0,3.5%
01-07-2020,@kumandgo,"21,405",-7,39,0,6,"28,404",68,"1,893",189,14,22,4,"1,664",0,6.7%
01-08-2020,@kumandgo,"21,417",12,39,0,4,"25,241",28,989,240,11,28,1,709,0,3.9%
01-09-2020,@kumandgo,"21,421",4,39,0,6,"30,437",316,"1,064",215,5,14,5,825,0,3.5%
01-10-2020,@kumandgo,"21,424",3,39,0,3,"21,256",112,504,149,4,7,0,344,0,2.4%
01-11-2020,@kumandgo,"21,434",10,39,0,0,"18,340",41,473,101,2,13,1,356,0,2.6%
01-12-2020,@kumandgo,"21,433",-1,39,0,0,"9,400",27,199,26,0,6,2,165,0,2.1%
01-13-2020,@kumandgo,"21,442",9,39,0,4,"23,067",839,"1,919",127,6,11,11,"1,764",0,8.3%
01-14-2020,@kumandgo,"21,443",1,39,0,4,"27,090",228,503,118,9,7,2,367,0,1.9%
01-15-2020,@kumandgo,"21,451",8,39,0,4,"25,953",123,"1,095",163,10,20,14,888,0,4.2%
01-16-2020,@kumandgo,"21,466",15,39,0,3,"28,148",96,"2,365",213,13,17,6,"2,115",1,8.4%
01-17-2020,@kumandgo,"21,482",16,37,-2,7,"60,484",132,"1,555",424,14,32,13,"1,071",1,2.6%
01-18-2020,@kumandgo,"21,502",20,37,0,5,"45,572",44,"1,465",223,80,20,1,"1,141",0,3.2%
01-19-2020,@kumandgo,"21,513",11,37,0,1,"12,801",24,343,35,3,-2,0,307,0,2.7%
01-20-2020,@kumandgo,"21,518",5,37,0,1,"16,859",30,450,147,3,28,6,266,0,2.7%
01-21-2020,@kumandgo,"21,520",2,37,0,7,"24,386",38,"1,514",239,9,19,19,"1,228",0,6.2%
01-22-2020,@kumandgo,"21,523",3,37,0,6,"42,810",50,"2,460",312,13,33,25,"2,077",0,5.7%
01-23-2020,@kumandgo,"21,539",16,37,0,5,"191,676",612,"6,722","2,122",19,271,166,"4,144",0,3.5%
01-24-2020,@kumandgo,"21,581",42,37,0,0,"1,124,636",336,"27,618","10,761",39,"1,518",975,"14,324",1,2.5%
01-25-2020,@kumandgo,"21,664",83,37,0,5,"682,076",292,"14,014","4,858",17,580,459,"8,099",1,2.1%
01-26-2020,@kumandgo,"21,705",41,37,0,3,"110,435",214,"2,513",567,10,81,102,"1,753",0,2.3%
01-27-2020,@kumandgo,"21,716",11,37,0,3,"29,490",48,512,132,3,18,24,335,0,1.7%
01-28-2020,@kumandgo,"21,719",3,37,0,5,"28,370",34,746,137,6,17,16,570,0,2.6%
01-29-2020,@kumandgo,"21,720",1,37,0,7,"25,977",515,"1,179",185,11,9,11,963,0,4.5%
01-30-2020,@kumandgo,"21,722",2,38,1,4,"71,688",278,"7,642",410,9,24,28,"7,169",2,10.7%
01-31-2020,@kumandgo,"21,748",26,39,1,1,"26,582",98,"2,380",104,1,5,21,"2,249",0,9%
02-01-2020,@kumandgo,"21,749",1,39,0,2,"11,819",25,372,19,1,-3,6,349,0,3.1%
02-02-2020,@kumandgo,"21,751",2,39,0,6,"12,294",35,319,37,4,-4,2,280,0,2.6%
02-03-2020,@kumandgo,"21,755",4,40,1,14,"46,707",88,"2,321",205,19,13,4,"1,973",107,5%
02-04-2020,@kumandgo,"21,757",2,40,0,4,"22,950",39,"1,222",148,6,16,14,981,57,5.3%
02-05-2020,@kumandgo,"21,761",4,40,0,7,"11,911",26,353,69,4,4,3,273,0,3%
02-06-2020,@kumandgo,"21,770",9,42,2,5,"73,960",79,"2,156",413,8,34,2,"1,698",1,2.9%
02-07-2020,@kumandgo,"21,799",29,43,1,3,"13,575",27,440,120,5,4,1,310,0,3.2%
02-08-2020,@kumandgo,"21,797",-2,43,0,1,"8,998",4,278,68,7,6,0,196,1,3.1%
02-09-2020,@kumandgo,"21,803",6,43,0,0,"1,957",0,0,0,0,2,0,0,0,0%
