﻿AssociateID,SiteNumber,SS_JobDescription
110297,4098,Store Associate - Schedule 1
116536,24,Store Associate - Schedule 1
126984,8,Store Associate - Schedule 1
132194,74,Store Associate - Schedule 1
131737,2091,Store Associate - Schedule 1
110818,32,Store Associate - Schedule 1
133566,4098,Store Associate - Schedule 2
133682,535,Store Associate - Schedule 2
116506,24,Store Associate - Schedule 2
127647,532,Store Associate - Schedule 2
104645,8,Store Associate - Schedule 2
135195,74,Store Associate - Schedule 2
126464,2091,Store Associate - Schedule 2
135376,32,Store Associate - Schedule 2
104751,24,Store Associate - Schedule 3
135164,4110,Store Associate - Schedule 3
116018,4110,Store Associate - Schedule 4
133060,4110,Store Associate - Schedule 5
134818,4098,Overnight Shift Lead 1
110693,535,Overnight Shift Lead 1
132233,24,Overnight Shift Lead 1
126366,184,Overnight Shift Lead 1
134445,4110,Overnight Shift Lead 1
129689,532,Overnight Shift Lead 1
135013,8,Overnight Shift Lead 1
134682,74,Overnight Shift Lead 1
131856,2091,Overnight Shift Lead 1
161509,32,Overnight Shift Lead 1
133732,4098,Overnight Shift Lead 2
134795,535,Overnight Shift Lead 2
124545,24,Overnight Shift Lead 2
134444,184,Overnight Shift Lead 2
135016,532,Overnight Shift Lead 2
127751,8,Overnight Shift Lead 2
131510,74,Overnight Shift Lead 2
132784,32,Overnight Shift Lead 2
