﻿SiteNumber,Address1,Additional,City,StateFormatted,ZipCode,Latitude,Longitude
909,605 Park Ave,,Kremmling,CO,80459,40.059073,-106.388264
214,111 Duff Ave.,,Ames,IA,50010,42.023568,-93.610618
292,1825 N Ankeny Blvd,,Ankeny,IA,50023,41.746685,-93.59982
989,3500 E. Shawnee,,Muskogee,OK,74403,35.7705,-95.3224
6,1920 S Federal Ave,,Mason City,IA,50401,43.13335,-93.20126
56,103 Grant St.,P.O. Box #36,Bevington,IA,50033,41.36098,-93.78938
454,3434 S. Rangeline Road,,Joplin,MO,64804,37.05122,-94.47905
422,731 South Riverside Drive,,Iowa City,IA,52246,41.65065,-91.54065
521,205 2nd Street,,Coralville,IA,52241,41.670221,-91.567854
1215,4506 Lincoln Way,,Ames,IA,50014,42.02233,-93.67931
4,2091 E Main St,,Lamoni,IA,50140,40.623436,-93.896194
59,400 Prairie Bluff Dr,P.O. Box#99,Waukee,IA,50263,41.565176,-93.880161
544,1120 S Commercial Ave,,Eagle Grove,IA,50533,42.654007,-93.90417
844,11030 S Elm St,,Jenks,OK,74037,36.003235,-95.97629
499,1894 S State Highway 125,,Rogersville,MO,65742,37.17562,-93.118343
861,901 S Mill Rd,,Pryor,OK,74361,36.292637,-95.32415
862,230 S Adams Rd,,Sand Springs,OK,74063,36.13419,-96.10176
875,510 S Elm St,,Jenks,OK,74037,36.017897,-95.976285
838,1000 E Kenosha St,,Broken Arrow,OK,74012,36.061375,-95.77918
919,317 E Main St,,Rangely,CO,81648,40.087214,-108.800271
967,1806 Elk St,,Rock Springs,WY,82901,41.617701,-109.231511
397,3105 Stadium Blvd,,Jonesboro,AR,72404,35.803455,-90.66973
390,680 Southwest Drive,,Jonesboro,AR,72401,35.8146,-90.7139
658,6125 Barnes Rd,,Colorado Springs,CO,80922,38.894591,-104.713599
443,2177 M Ave,,Williamsburg,IA,52361,41.69293,-92.0667
120,6304 SW 9th St.,,Des Moines,IA,50315,41.52713,-93.62649
672,3025 Hancock Expy,,Colorado Springs,CO,80907,38.78935,-104.7547
542,11989 Hickman Road,,Urbandale,IA,50323,41.615615,-93.782441
187,600 MN Highway 4,,Sherburn,MN,56171,43.661815,-94.732413
503,3215 7th Ave,,Marion,IA,52302,42.034671,-91.576966
509,1203 Blairs Ferry Road,,Marion,IA,52302,42.03214,-91.62497
141,1880 SE Princeton Dr,,Grimes,IA,50111,41.673505,-93.772982
184,1430 1st Ave North,,Altoona,IA,50009,41.663738,-93.465379
849,702 S 32nd St,,Muskogee,OK,74401,35.747353,-95.402181
200,4510 Mortensen Rd,,Ames,IA,50014,42.011856,-93.679621
883,2109 S Sheridan,,Tulsa,OK,74129,36.132889,-95.904116
216,203 Welch Ave,,Ames,IA,50014,42.021219,-93.650418
43,1453 County Highway G76,PO Box 213,New Virginia,IA,50210,41.17709,-93.78159
778,1102 S US Highway 169,,Smithville,MO,64089,39.369194,-94.584015
4098,7229 University Avenue,,Windsor Heights,IA,50324,41.60061,-93.71773
74,141 South Jordan Creek Parkway,,West Des Moines,IA,50266,41.5678,-93.810165
874,10010 S Riverside Pkwy,,Tulsa,OK,74137,36.018305,-95.949611
2811,308 Adams Ave,,Hettinger,ND,58639,46.001324,-102.638672
611,501 N Minnesota Ave,,Sioux Falls,SD,57104,43.55275,-96.73164
876,14505 E 86th St N,,Owasso,OK,74055,36.279008,-95.811736
76,109 S 5th Street,PO Box 364,Adair,IA,50002,41.495755,-94.643892
62,6130 NW 86th St,,Johnston,IA,50131,41.671757,-93.73681
24,5970 Morning Star Court,,Pleasant Hill,IA,50327,41.597952,-93.492094
1835,13124 S Memorial Dr,,Bixby,OK,74008,35.97282,-95.88728
438,1429 Park Ave,,Muscatine,IA,52761,41.44196,-91.03027
942,6503 29th Street,,Greeley,CO,80634,40.391035,-104.785201
914,7027 20th St,,Greeley,CO,80634,40.407336,-104.793847
156,15600 Hickman Rd,,Clive,IA,50325,41.6143,-93.834404
495,102 Ridgecrest Ave,,Nixa,MO,65714,37.042767,-93.283433
508,30 Four Oaks Drive SW,,Cedar Rapids,IA,52404,41.923361,-91.657286
113,2801 E. 13Th St.,,Ames,IA,50010,42.035008,-93.575856
374,10764 Virginia Plz,,Papillion,NE,68046,41.175724,-96.080518
150,3400 E Kiehl Ave,,Sherwood,AR,72120,34.83213,-92.1973
389,2028 N Church St,PO Box # 17283,Jonesboro,AR,72401,35.863772,-90.702873
402,816 W Monroe Ave,,Lowell,AR,72745,36.255026,-94.154402
466,2506 W College Rd,,Springfield,MO,65802,37.208646,-93.326243
157,4585 156th Street,,Urbandale,IA,50323,41.643394,-93.83307
846,701 S HWY 82,,Locust Grove,OK,74352,36.1903,-95.1596
958,3 Curtiss St,,Evansville,WY,82636,42.857665,-106.270471
840,1100 N Lynn Riggs Blvd,,Claremore,OK,74017,36.32207,-95.6096
1470,1810 E Kearnery Ave,,Springfield,MO,65803,37.239579,-93.260435
1485,2650 W Sunshine St,,Springfield,MO,65807,37.182426,-93.330842
468,609 E Elm,,Springfield,MO,65806,37.20554,-93.28634
931,2901 37th St,,Evans,CO,80620,40.378114,-104.725782
939,5112 East Bromley Lane,,Brighton,CO,80603,39.972147,-104.748512
801,611 1st Ave SW,,Bowman,ND,58623,46.177186,-103.396175
910,366 71st Ave,,Greeley,CO,80634,40.429592,-104.792976
969,1540 9th St,,Rock Springs,WY,82901,41.597853,-109.205641
476,2161 E Republic Ct,,Springfield,MO,65804,37.140961,-93.253904
442,1631 E 4th St,,Joplin,MO,64801,37.08761,-94.495255
504,1310 S Gilbert Street,,Iowa City,IA,52240,41.64617,-91.53177
224,2930 Gordon Drive,,Sioux City,IA,51106,42.488897,-96.370069
225,1031 Morningside Ave,,Sioux City,IA,51106,42.480675,-96.36466
991,2221 W OK Highway 51,,Wagoner,OK,74467,35.958622,-95.40948
235,1 N Locust St,,Glenwood,IA,51534,41.04613,-95.74456
461,5958 N Main St,,Joplin,MO,64801,37.14235,-94.51009
96,1803 Superior St,,Webster City,IA,50595,42.45958,-93.81599
97,196 S. 50th Street,,West Des Moines,IA,50265,41.57138,-93.7719
568,308 Ichord Ave,,Waynesville,MO,65583,37.809092,-92.224026
576,3501 EP True Pkwy,,West Des Moines,IA,50265,41.57043,-93.752556
372,7152 Pacific St,,Omaha,NE,68106,41.24914,-96.02343
482,3352 E Sunshine St,,Springfield,MO,65804,37.18015,-93.22617
496,418 S Federal Ave,,Mason City,IA,50401,43.14766,-93.20106
916,203 Mountain View Dr,,Leadville,CO,80461,39.259393,-106.294115
900,16065 CO Highway 131,,Yampa,CO,80483,40.15042,-106.90237
903,700 E Victory Way,,Craig,CO,81625,40.5144,-107.5355
573,5830 SE 14th St,,Des Moines,IA,50320,41.533239,-93.597391
2093,409 Nile Kinnick Dr,,Adel,IA,50003,41.614185,-94.01713
820,1302 W Will Rogers Blvd,,Claremore,OK,74017,36.316951,-95.625669
434,414 N Public Ave,,Clever,MO,65631,37.037446,-93.472663
469,529 S Grant Ave,,Springfield,MO,65806,37.204472,-93.299133
267,2050 IA Highway 38,,Tipton,IA,52772,41.647786,-91.115278
254,620 S Downey St,PO Box 192 - All mail goes to the PO Box,West Branch,IA,52358,41.66173,-91.34738
251,1005 Gordon Drive,,Sioux City,IA,51101,42.49029,-96.39705
51,323 E Burlington St,,Iowa City,IA,52240,41.657657,-91.530604
226,1373 Pierce Street,,Sioux City,IA,51105,42.504856,-96.40533
1435,249 W Old Mill Road,,Fair Grove,MO,65648,37.38409,-93.159813
135,303 W Broadway St,PO Box 319,Polk City,IA,50226,41.772324,-93.713891
405,2710 Moberly Ln,,Bentonville,AR,72712,36.342824,-94.184225
907,101 Ruby Ranch Rd,,Silverthorne,CO,80498,39.646001,-106.079393
927,801 Castle Valley Blvd,,New Castle,CO,81647,39.568462,-107.5163
669,6735 N Carefree Cir,,Colorado Springs,CO,80922,38.886097,-104.702839
805,910 11th Street East,,Williston,ND,58801,48.153865,-103.607407
408,2811 E Central Ave,,Bentonville,AR,72712,36.380179,-94.177718
906,10 Stone Quarry Rd,,Battlement Mesa,CO,81635,39.44091,-108.0299
652,830 N 18th St,,Centerville,IA,52544,40.74025,-92.87017
656,637 12th St NE,,Mason City,IA,50401,43.16287,-93.18939
351,720 N. 108th Court,,Omaha,NE,68154,41.266281,-96.083579
871,5105 S Mingo Rd,,Tulsa,OK,74146,36.0898,-95.86847
219,154 Bennett Ave,,Council Bluffs,IA,51503,41.25264,-95.82053
220,2024 5Th Avenue,,Council Bluffs,IA,51501,41.25721,-95.87517
221,1401 Court St,,Sioux City,IA,51105,42.5051,-96.39635
207,4200 E. Hubbell,,Des Moines,IA,50317,41.63621,-93.53188
223,2626 Court Street,,Sioux City,IA,51104,42.51746,-96.39575
948,55 Lusher Ct,,Frisco,CO,80443,39.591167,-106.096214
968,2004 Dewer Dr,,Rock Springs,WY,82901,41.575558,-109.2475
902,1302 W Victory Way,,Craig,CO,81625,40.513762,-107.563174
954,1455 S McKinley St,,Casper,WY,82601,42.835564,-106.312104
963,1209 Beech St,,Kemmerer,WY,83101,41.78949,-110.539368
937,4530 Old US Highway 6,,De Beque,CO,81630,39.326639,-108.207042
921,120 E 1st St,,Rifle,CO,81650,39.52996,-107.78299
1957,4505 Ridge Rd.,,Cheyenne,WY,82001,41.15977,-104.76776
2925,39065 CO Highway 13,,Meeker,CO,81641,40.022522,-107.957062
514,1420 Mt. Vernon RD SE,,Cedar Rapids,IA,52403,41.97799,-91.65123
4923,705 Taughenbaugh Blvd,,Rifle,CO,81650,39.5223,-107.7774
250,3808 Dakota AVE,,South Sioux City,NE,68776,42.452326,-96.413391
52,25 W Burlington St,,Iowa City,IA,52240,41.657722,-91.53743
222,1002 West Street,,Grinnell,IA,50112,41.744946,-92.72718
808,211 1st Ave W,,Plentywood,MT,59254,48.77517,-104.562424
352,1010 S 154th St,,Omaha,NE,68154,41.249005,-96.155524
685,6615 Dalby Drive,,Colorado Springs,CO,80923,38.926832,-104.720936
807,1404 2nd St W,,Williston,ND,58801,48.145382,-103.643738
432,3303 W Broadway St,,Bolivar,MO,65613,37.613077,-93.449842
483,2404 E Sunshine St,,Springfield,MO,65804,37.180866,-93.24927
853,29 W Southside Blvd,,Muskogee,OK,74403,35.740399,-95.373221
539,5050 NW 2nd Ave.,,Des Moines,IA,50313,41.65221,-93.62079
321,237 E 120th Ave,,Thornton,CO,80233,39.914192,-104.989349
325,11505 W Belleview Avenue,,Littleton,CO,80127,39.624775,-105.128225
842,2001 E Main St,,Cushing,OK,74023,35.985364,-96.740007
4904,230 W Jefferson Ave,,Hayden,CO,81639,40.495036,-107.259338
369,11111 Emmet St,,Omaha,NE,68164,41.289444,-96.08639
864,951 W Rogers Blvd,,Skiatook,OK,74070,36.368291,-96.016262
494,402 Massey Blvd,,Nixa,MO,65714,37.046878,-93.302341
497,3049 East US HWY 60,,Republic,MO,65738,37.145877,-93.430145
970,312 S 1st St,,Saratoga,WY,82331,41.452233,-106.807945
959,719 N Hwy 14 16,,Gillette,WY,82716,44.300559,-105.530261
960,1504 US Highway 14-16,,Gillette,WY,82716,44.291164,-105.478271
26,305 N Maine Ave,,Adrian,MN,56110,43.641026,-95.934205
953,109 N Main St,,Buffalo,WY,82834,44.34911,-106.698807
117,300 18Th St.,,Spirit Lake,IA,51360,43.42273,-95.09436
143,1303 South Pine St.,,Cabot,AR,72023,34.9525,-92.008255
412,3610 SW Regional Airport Blvd,,Bentonville,AR,72712,36.33679,-94.25331
158,2050 Dave Ward Dr.,,Conway,AR,72034,35.07053,-92.45412
144,5216 JFK Blvd,,North Little Rock,AR,72116,34.802757,-92.25355
153,8801 Maumelle Blvd,,North Little Rock,AR,72113,34.813024,-92.360639
240,530 North Avenue,,Norwalk,IA,50211,41.475046,-93.682278
204,710 N Broadway St,,Red Oak,IA,51566,41.01061,-95.23256
196,1102 2nd St.,,Webster City,IA,50595,42.46939,-93.83124
366,4443 S 84th St,,Omaha,NE,68127,41.21565,-96.04267
119,818 Highway 105,,Northwood,IA,50459,43.44481,-93.35579
124,1554 Broad St,,Story City,IA,50248,42.187305,-93.575883
133,1111 IA Highway 175,,Ellsworth,IA,50075,42.309948,-93.572556
550,3264 E Battlefield St,,Springfield,MO,65804,37.157852,-93.22892
449,15679 Kodiak Rd,,Neosho,MO,64850,36.841347,-94.40924
566,1701 W Smith Ave,,Springfield,MO,65803,37.253353,-93.311226
1554,2885 E. Chestnut Expy,,Springfield,MO,65802,37.210225,-93.236867
488,1704 W Norton Rd,,Springfield,MO,65803,37.25261,-93.31125
441,195 Gage Dr,,Hollister,MO,65672,36.610035,-93.234211
569,2587 N Range Line Rd,,Webb City,MO,64870,37.112698,-94.475716
472,1505 N National,,Springfield,MO,65803,37.22642,-93.27593
886,10603 E 86th St N,,Owasso,OK,74055,36.279041,-95.854208
567,2904 E Sunshine St,,Springfield,MO,65804,37.180372,-93.236981
228,1925 S Lakeport St,,Sioux City,IA,51106,42.47061,-96.347046
28,2991 Sunset Dr,Suite 100,Norwalk,IA,50211,41.496803,-93.67447
453,1503 S Rangeline Rd,,Joplin,MO,64804,37.07368,-94.47716
517,3132 1st Ave NE,,Cedar Rapids,IA,52402,42.00941,-91.63538
446,3931 E 7th St,,Joplin,MO,64801,37.08405,-94.45949
935,103 Oakridge Dr,,Gypsum,CO,81637,39.645539,-106.947013
551,2149 S Campbell Ave,,Springfield,MO,65807,37.175602,-93.295456
498,4996 S State Highway 125,,Rogersville,MO,65742,37.11934,-93.118866
493,16140 MO Highway 59,,Neosho,MO,64850,36.836245,-94.394394
464,2704 S. Campbell Ave,,Springfield,MO,65807,37.16603,-93.29477
465,5343 S Campbell Ave,,Springfield,MO,65810,37.11657,-93.29756
1463,3434 W. Chestnut Expressway,,Springfield,MO,65802,37.211968,-93.347353
850,2315 E Chandler Rd,,Muskogee,OK,74403,35.740381,-95.340927
667,7375 Duryea Rd,,Colorado Springs,CO,80923,38.93957,-104.7286
657,2190 Vickers Drive,,Colorado Springs,CO,80918,38.91557,-104.78775
313,5480 E. 120th Ave.,,Thornton,CO,80241,39.913489,-104.923448
1481,3623 E. Sunshine Street,,Springfield,MO,65809,37.180481,-93.220383
933,115 Knobcone Dr,,Loveland,CO,80538,40.438647,-105.076743
867,11296 E 71st St,,Tulsa,OK,74133,36.060559,-95.851385
474,2930 S National Ave,,Springfield,MO,65804,37.161089,-93.276902
986,3305 Chandler Rd,,Muskogee,OK,74403,35.740357,-95.329986
905,905 Main St,PO Box 242,Silt,CO,81652,39.546723,-107.652967
1097,220 50th St.,,West Des Moines,IA,50265,41.571078,-93.771547
930,2150 E Bridge St,,Brighton,CO,80601,39.986477,-104.795507
961,310 Skyline Dr,,Gillette,WY,82718,44.291582,-105.531981
964,569 N 3rd St,,Laramie,WY,82072,41.317366,-105.592611
507,610 N Kansas Ave,,North Liberty,IA,52317,41.752988,-91.636488
981,510 S Main St,,Bristow,OK,74010,35.828639,-96.391316
368,4041 N 168th St,,Omaha,NE,68116,41.295041,-96.176936
479,510 W Republic Rd,,Springfield,MO,65807,37.137791,-93.297601
502,2303 Muscatine Ave,,Iowa City,IA,52240,41.64943,-91.50181
460,1313 W Battlefield St,,Springfield,MO,65807,37.160554,-93.309641
486,125 S State Highway 125,,Strafford,MO,65757,37.26973,-93.11394
393,3418 E Johnson Ave,,Jonesboro,AR,72401,35.857517,-90.656944
806,1301 Bison Drive,,Williston,ND,58801,48.160991,-103.644424
727,1465 4th St SE,,Mason City,IA,50401,43.14807,-93.17237
777,8200 Douglas Ave,,Urbandale,IA,50322,41.62917,-93.73141
404,1303 4th St SW,,Mason City,IA,50401,43.14827,-93.22107
772,700 W Elm Ave,,Pocahontas,IA,50574,42.732814,-94.679096
90,1704 S Story St,,Boone,IA,50036,42.03714,-93.87935
929,59 Tamarisk Trl,,Battlement Mesa,CO,81635,39.428651,-108.035756
478,2782 W Republic Rd,,Springfield,MO,65807,37.13813,-93.33586
837,24101 S State Highway 51,,Broken Arrow,OK,74014,35.98884,-95.67162
38,534 Church St,,Ottumwa,IA,52501,41.00816,-92.42007
40,502 W 2nd,,Ottumwa,IA,52501,41.02212,-92.41687
47,1708 S 8th Ave E,,Newton,IA,50208,41.69294,-93.03265
4786,112 River Ave S,,Belmond,IA,50421,42.84545,-93.61706
4924,1248 Railroad Ave,,Rifle,CO,81650,39.53725,-107.78304
37,2508 N Court St,,Ottumwa,IA,52501,41.05282,-92.40948
437,709 Grandview Ave,,Muscatine,IA,52761,41.409093,-91.063778
215,4506 Lincoln Way,,Ames,IA,50010,42.02281,-93.67888
555,3450 W Division St,,Springfield,MO,65802,37.22648,-93.34772
463,425 NW Bypass,,Springfield,MO,65802,37.21303,-93.34913
768,107 Hospers Drive S.,,Hospers,IA,51238,43.03826,-95.91947
138,1501 West Main St,,Jacksonville,AR,72076,34.867477,-92.12622
381,524 Highway 62-65 S,,Harrison,AR,72601,36.222694,-93.08428
391,4810 E Highland Dr,,Jonesboro,AR,72401,35.821231,-90.638392
1475,3416 S National Ave,,Springfield,MO,65807,37.152599,-93.277391
560,215 S Kansas Expwy,,Springfield,MO,65806,37.20839,-93.31251
851,4001 W Okmulgee Ave,,Muskogee,OK,74401,35.754649,-95.411981
75,350 SE University Ave,,Waukee,IA,50263,41.599987,-93.86535
940,70 W Bridge St,,Brighton,CO,80601,39.986536,-104.825143
536,1300 Keosauqua Way,,Des Moines,IA,50309,41.59384,-93.63443
570,5800 Northglenn Dr,,Johnston,IA,50131,41.682362,-93.698184
1903,700 Victory Way East,,Craig,CO,81625,40.51388,-107.538543
901,895 Yampa Ave,,Craig,CO,81625,40.521198,-107.546957
633,1400 N Minnesota Ave,,Sioux Falls,SD,57104,43.56466,-96.7307
487,411 S Madison Ave,,Webb City,MO,64870,37.141573,-94.474501
571,900 E Mt. Vernon Blvd,,Mount Vernon,MO,65712,37.094763,-93.808831
480,777 E Battlefield Road,,Springfield,MO,65807,37.16008,-93.28507
563,3015 W Republic Rd,,Springfield,MO,65807,37.13874,-93.33913
447,2307 W 7th St,,Joplin,MO,64801,37.084965,-94.542866
920,2032 Curve Plz,,Steamboat Springs,CO,80477,40.501747,-106.85701
938,308 Agate Ave,,Granby,CO,80446,40.085919,-105.947234
994,4330 Clydesdale Pkwy,,Loveland,CO,80538,40.436356,-104.987488
922,120 E 26th St,,Rifle,CO,81650,39.55302,-107.777008
2926,2510 Gilstrap Ct,,Glenwood Springs,CO,81601,39.559831,-107.361921
435,103 W Old Mill Rd,,Fair Grove,MO,65648,37.38438,-93.1535
700,5552 N 21st St,,Ozark,MO,65721,37.071014,-93.232013
459,1832 S Maiden Ln,,Joplin,MO,64801,37.072047,-94.532285
66,5308 University Ave,,West Des Moines,IA,50266,41.600019,-93.778901
208,3200 SE 14th St,,Des Moines,IA,50320,41.555203,-93.59734
319,18465 W. Colfax Avenue,,Golden,CO,80401,39.702198,-105.205226
320,250 E 136th Avenue,,Thornton,CO,80241,39.942385,-104.983106
8,1293 8th Street,,West Des Moines,IA,50265,41.590588,-93.71291
659,9665 Prominent Point,,Colorado Springs,CO,80924,38.970465,-104.741569
316,2999 Bonanza Dr,,Erie,CO,80516,40.00078,-105.036423
471,2953 N National Ave,,Springfield,MO,65803,37.25135,-93.274605
562,3449 W Kearney St,,Springfield,MO,65803,37.24192,-93.34587
702,5002 S. Main St.,,Joplin,MO,64804,37.033798,-94.515114
779,3807 Miller Street,,Bethany,MO,64424,40.265568,-94.015331
557,1700 E Valley Water Mill Rd,,Springfield,MO,65803,37.261757,-93.26429
1372,7152 Pacific Street,,Omaha,NE,68106,41.24894,-96.023628
194,4001 SW 9th St,,Des Moines,IA,50315,41.547953,-93.625451
373,13905 Williamsburg Dr,,Bellevue,NE,68123,41.104206,-95.93443
1443,2177 M Ave.,,Williamsburg,IA,52361,41.690943,-92.066745
92,1025 E 1St ST,,Ankeny,IA,50021,41.731373,-93.58184
1273,1201 N Market St,,Oskaloosa,IA,52577,41.305073,-92.645765
879,8001 S Garnett Rd,,Broken Arrow,OK,74012,36.046841,-95.850355
885,4728 S Yale Ave,,Tulsa,OK,74135,36.093672,-95.92005
668,3091 N Chestnut ST,,Colorado Springs,CO,80907,38.87692,-104.836632
305,3033 8th Avenue,,Evans,CO,80620,40.3851,-104.69155
689,4512 Austin Bluffs Parkway,,Colorado Springs,CO,80918,38.897741,-104.747556
246,111 E Jefferson St.,,Winterset,IA,50273,41.33603,-94.01273
302,2905 4th Ave South,,Clear Lake,IA,50428,43.133255,-93.353114
348,12011 Blondo St,,Omaha,NE,68164,41.277365,-96.101086
29,2577 High Street,,Sarcoxie,MO,64862,37.077052,-94.105988
22,715 Lang Creek Ave.,,Grinnell,IA,50112,41.700231,-92.726159
139,15617 Chenal Parkway,,Little Rock,AR,72211,34.755287,-92.443008
417,500 S Thompson ST,,Springdale,AR,72764,36.181,-94.1392
413,729 M.L.K. Jr. Blvd.,,Fayetteville,AR,72701,36.056298,-94.170801
670,8050 Fountain Mesa Rd,,Fountain,CO,80817,38.715222,-104.702232
673,620 East Fillmore Street,,Colorado Springs,CO,80907,38.87467,-104.81321
676,2588 Airport Road,,Colorado Springs,CO,80910,38.82565,-104.7815
877,1050 E Albany St,,Broken Arrow,OK,74012,36.076031,-95.778863
987,2400 E Hancock RD,,Muskogee,OK,74403,35.7264,-95.3398
866,14495 E 51st St S,,Tulsa,OK,74134,36.090194,-95.815827
841,1035 E Will Rogers Blvd,,Claremore,OK,74017,36.307217,-95.59724
865,7675 E 51st St,,Tulsa,OK,74145,36.090103,-95.890655
4020,1910 SW White Birch Cir,,Ankeny,IA,50023,41.702624,-93.626654
686,2410 N Academy Blvd,,Colorado Springs,CO,80916,38.867439,-104.757886
4084,101 8th St SW,,Altoona,IA,50009,41.64423,-93.46432
491,5302 S Range Line Rd,,Joplin,MO,64804,37.02961,-94.47944
915,300 Harrison Ave,,Leadville,CO,80461,39.246497,-106.290702
510,629 S Division Street,,Stuart,IA,50250,41.49615,-94.31825
4110,2110 Guthrie Ave,,Des Moines,IA,50317,41.61535,-93.57904
635,1005 W. 11th St.,,Sioux Falls,SD,57104,43.544018,-96.740263
813,207 E Rosser Ave,,Bismarck,ND,58501,46.808411,-100.788911
687,525  Wooten Road,,Colorado Springs,CO,80915,38.840481,-104.737927
956,215 E Lincolnway,,Cheyenne,WY,82001,41.133654,-104.812076
159,4095 Prince St.,,Conway,AR,72034,35.08916,-92.49745
804,124 Main St S,,Watford City,ND,58854,47.79937,-103.282852
952,3354 E Lincolnway,,Cheyenne,WY,82001,41.139013,-104.769023
620,412 N Sycamore Ave,,Sioux Falls,SD,57110,43.550846,-96.671111
616,6001 S Western Ave,,Sioux Falls,SD,57108,43.490056,-96.748132
881,2502 N Harvard Ave,,Tulsa,OK,74115,36.19133,-95.94076
532,"5901 Mills Civic Parkway, BLDG 2000",,West Des Moines,IA,50266,41.559677,-93.785921
578,130 Old Route 66,,St Robert,MO,65584,37.822388,-92.14424
1959,2359 Edgington Ave,,Eldora,IA,50627,42.360416,-93.11371
376,2627 S HWS Cleveland Blvd,,Omaha,NE,68130,41.234545,-96.219356
890,767 East Will Rogers Pkwy,,Vinita,OK,74301,36.622693,-95.147515
718,305 W South St,,Ozark,MO,65721,37.004891,-93.206605
2722,2211 University Ave,,Des Moines,IA,50311,41.600733,-93.647168
863,801 N 9th ST,,Sapulpa,OK,74066,36.00854,-96.11125
873,3939 S Peoria Ave,,Tulsa,OK,74105,36.104572,-95.975372
858,307 E 2nd Ave,,Owasso,OK,74055,36.264301,-95.852355
364,8990 Boyd St,,Omaha,NE,68134,41.29864,-96.05196
23,29356 298th St.,P.O. Box336,Neola,IA,51559,41.438818,-95.612612
46,1709 Antique City Drive,P.O. Box #776,Walnut,IA,51577,41.494341,-95.221586
1,609 Central Ave W,,Hampton,IA,50441,42.741944,-93.215085
201,822 1st Ave,,Coralville,IA,52241,41.681285,-91.566251
137,101 Village Dr,,Tiffin,IA,52340,41.696753,-91.665881
53,955 Morman Trek Blvd,,Iowa City,IA,52246,41.650246,-91.57436
973,127 Laura Way,,Dacono,CO,80514,40.086906,-104.974556
80,1178 Enterprise Dr,,Riverside,IA,52327,41.48706,-91.55428
618,4721 E 26th St,,Sioux Falls,SD,57110,43.52914,-96.66795
625,7100 W 41st St,,Sioux Falls,SD,57106,43.515165,-96.811559
665,1206 Interquest Pkwy,,Colorado Springs,CO,80921,38.99138,-104.807137
650,17970 Knoll Wood DR,,Monument,CO,80132,39.09248,-104.852247
975,1319 Miner St,,Idaho Springs,CO,80452,39.74179,-105.519112
912,30393 Kings Valley Dr,,Conifer,CO,80433,39.491511,-105.347944
913,13799 Pacific Cir,,Longmont,CO,80542,40.203828,-104.975141
995,1600 E Eisenhower Blvd,,Loveland,CO,80537,40.407114,-105.054458
398,4609 W Kings Highway,,Paragould,AR,72450,36.0605,-90.5477
690,1450 Garden of the Gods Rd,,Colorado Springs,CO,80907,38.897252,-104.853733
816,2626 E Burdick Expy,,Minot,ND,58701,48.22887,-101.253372
370,11205 Wickersham Blvd,,Gretna,NE,68028,41.146117,-96.161996
152,3220 Springhill Dr.,,North Little Rock,AR,72117,34.783903,-92.217891
379,3430 US Highway 63,,Black Rock,AR,72415,36.104416,-91.099495
400,4231 Elm Springs Rd,I-540,Springdale,AR,72762,36.19282,-94.17712
155,21510 Hwy 365 N,,Maumelle,AR,72113,34.88406,-92.39183
891,767 East Will Rogers Pkwy,,Vinita,OK,74301,36.62392,-95.14763
684,2422 Research Parkway,,Colorado Springs,CO,80920,38.961079,-104.784104
399,978 W Pleasant Grove Rd,,Lowell,AR,72745,36.28212,-94.13097
382,104 N Bloomington ST,P.O. Box #567,Lowell,AR,72745,36.25448,-94.13756
4127,1864 Old Hwy 141,,Sloan,IA,51055,42.22803,-96.23658
50,745 S 51st Street Suite No. 200,,West Des Moines,IA,50265,41.558423,-93.773827
1436,416 Cedar St,,Muscatine,IA,52761,41.424456,-91.046109
887,1111 W 81st St S,,Tulsa,OK,74132,36.04689,-96.00499
928,80 Anglers Dr,P.O.Box #882139,Steamboat Springs,CO,80477,40.46817,-106.827141
394,2625 W. Kings Highway,,Paragould,AR,72450,36.0602,-90.5209
349,3400 Linwood Dr.,,Paragould,AR,72450,36.0199,-90.5264
362,2214 E Johnson Ave.,,Jonesboro,AR,72401,35.8477,-90.6774
387,10144 US Highway 63,P.O. Box 387,Bono,AR,72416,35.89574,-90.79622
166,2202 Lincoln RD,,Benton,AR,72015,34.584842,-92.567925
227,2108 Isaac Newton Dr.,,Ames,IA,50010,42.008762,-93.58588
818,2237 13th Ave S,,Fargo,ND,58103,46.861774,-96.816826
2812,518 2nd St NE,,Tioga,ND,58852,48.395686,-102.929986
884,3621 S Elm St,,Broken Arrow,OK,74011,36.016755,-95.796862
3502,2303 Muscatine Ave,,Iowa City,IA,52240,41.649281,-91.501633
582,220 S Phillips St,,Algona,IA,50511,43.067161,-94.227056
2217,315 Story St,,Boone,IA,50036,42.05877,-93.88024
383,1010 N Thompson St,,Springdale,AR,72764,36.195231,-94.138671
403,2400 W Hudson Rd,,Rogers,AR,72756,36.355426,-94.152402
663,5771 N Carefree Cir,,Colorado Springs,CO,80917,38.884757,-104.721185
949,375 E Main Street,,Windsor,CO,80550,40.479057,-104.888184
378,14353 Q Street,,Omaha,NE,68137,41.20494,-96.1382
416,800 SE J ST,,Bentonville,AR,72712,36.3636,-94.1973
423,90 E Main ST,,Farmington,AR,72730,36.04293,-94.2364
388,801 N Holman St,P.O. Box 145,Brookland,AR,72417,35.909975,-90.577523
386,200 US Highway 63,P.O. Box 366,Bono,AR,72416,35.90865,-90.80216
206,1725 NW 86th,,Clive,IA,50325,41.60743,-93.7359
170,6990 Douglas Ave,,Urbandale,IA,50322,41.629071,-93.711806
237,801 E 1st St,P.O. Box #32,Grimes,IA,50111,41.688794,-93.784351
414,1220 E Robinson Ave,,Springdale,AR,72764,36.167411,-94.119211
409,2388 North College Ave,,Fayetteville,AR,72703,36.094917,-94.15247
380,2112 Dodson Ave,,Fort Smith,AR,72901,35.372141,-94.410098
401,1701 W New Hope Rd,,Rogers,AR,72758,36.312484,-94.143733
553,300 Central Ave W,,Clarion,IA,50525,42.73147,-93.73554
333,405 1st Ave. E,,Newton,IA,50208,41.69951,-93.0497
430,717 E Erie St,,Missouri Valley,IA,51555,41.55656,-95.88535
396,136 Lincoln Hwy,,Nevada,IA,50201,42.02256,-93.45794
574,8600 Meredith Dr,,Urbandale,IA,50322,41.64362,-93.73682
455,501 Cowan Dr,,Lebanon,MO,65636,37.6818,-92.63754
87,1601 5th Ave,,Fort Dodge,IA,50501,42.5009,-94.17627
89,115 N 22nd St,,Fort Dodge,IA,50501,42.50825,-94.16782
421,402 N Main Ave,,Sioux Center,IA,51250,43.08104,-96.17541
612,1317 E Mary St,,Ottumwa,IA,52501,40.99488,-92.40608
475,3416 S National Ave,,Springfield,MO,65807,37.15274,-93.27754
238,303 N Elm Street,,Jefferson,IA,50129,42.01738,-94.37714
481,3623 E Sunshine St,,Springfield,MO,65809,37.18046,-93.22048
484,1306 W Sunshine St,,Springfield,MO,65807,37.18206,-93.30907
485,2650 W Sunshine St,,Springfield,MO,65807,37.18243,-93.33101
377,8242 Maple St,,Omaha,NE,68134,41.28548,-96.04118
533,731 Lincoln Hwy,,Nevada,IA,50201,42.022878,-93.44993
554,2744 E Chestnut Expwy,,Springfield,MO,65802,37.20971,-93.24004
436,501 Cedar St,,Muscatine,IA,52761,41.42501,-91.04592
439,303 US Highway 61 N,,Wapello,IA,52653,41.18125,-91.19548
520,2604 16th Ave,,Cedar Rapids,IA,52404,41.96327,-91.70697
572,4860 NW Urbandale Dr,,Urbandale,IA,50322,41.646041,-93.769473
631,1400 N Cliff Ave,,Sioux Falls,SD,57103,43.56238,-96.71082
674,1021 S Neveda Ave.,,Colorado Springs,CO,80903,38.81865,-104.822037
134,1601 W. Burlington Ave,,Fairfield,IA,52556,41.006638,-91.98151
2091,5969 Ashworth Rd,,West Des Moines,IA,50266,41.584749,-93.790033
212,117 E San Marnan Dr,,Waterloo,IA,50702,42.45812,-92.35603
395,2607 Red Wolf Blvd,,Jonesboro,AR,72401,35.81244,-90.66971
406,500 S Old Missouri Rd,,Springdale,AR,72764,36.18858,-94.11702
146,7620 Baseline Rd,,Little Rock,AR,72209,34.670076,-92.362257
361,1010 S 189th St,,Omaha,NE,68022,41.248707,-96.212771
367,18908 Q Street,,Omaha,NE,68135,41.205475,-96.211659
363,1819 N 72nd St,,Omaha,NE,68114,41.27604,-96.02332
360,10025 South 168th Ave,,Omaha,NE,68136,41.159885,-96.17765
518,3603 NE Otter View Circle,,Ankeny,IA,50021,41.761192,-93.571769
202,85 4th St,P.O. Box #877,Waukee,IA,50263,41.61371,-93.8824
101,318 E North St,PO Box 169,Truro,IA,50257,41.20982,-93.84298
83,501 McPherson Street,P.O. Box#245,Casey,IA,50048,41.50528,-94.51909
839,2100 W New Orleans St,,Broken Arrow,OK,74011,36.017747,-95.814941
489,4020 W Battlefield St,,Springfield,MO,65807,37.16022,-93.36266
1460,1313 W Battlefield Rd,,Springfield,MO,65807,37.160704,-93.309543
847,13704 E 106th St N,,Owasso,OK,74055,36.307243,-95.81945
558,959 S Glenstone Ave,,Springfield,MO,65802,37.196598,-93.26243
2035,7265 Vista Dr,,West Des Moines,IA,50266,41.589428,-93.80785
835,13101 S Memorial Dr,,Bixby,OK,74008,35.97358,-95.88628
203,1219 1St St.,,Perry,IA,50220,41.840412,-94.106834
860,2101 E Main St,,Pawhuska,OK,74056,36.669444,-96.314511
878,1890 N Perkins Rd,,Stillwater,OK,74075,36.140322,-97.052226
95,1203 Guthrie St,,De Soto,IA,50069,41.538132,-94.011869
1202,650 W. Hickman Road,,Waukee,IA,50263,41.6146,-93.886199
384,2351 W Sunset,,Springdale,AR,72762,36.174578,-94.156328
147,1709 N Reynolds Rd,,Bryant,AR,72022,34.61014,-92.49452
4951,105 6th St,,Glenwood Springs,CO,81601,39.550453,-107.326805
301,2005 US Highway 18 E,,Clear Lake,IA,50428,43.145078,-93.359951
966,1115 N Higley Blvd,,Rawlins,WY,82301,41.798511,-107.216193
979,3910 Foothill Blvd,,Rock Springs,WY,82901,41.59184,-109.25191
852,76 E Peak Blvd,,Muskogee,OK,74403,35.711761,-95.375184
171,1775 Old Morrilton HWY,Donaghey and Washington,Conway,AR,72032,35.112689,-92.447624
524,2600 Holiday Road,,Coralville,IA,52241,41.70015,-91.60744
561,3445 E Kearney St,,Springfield,MO,65803,37.239025,-93.22299
1056,101 E Highway 92,,Bevington,IA,50033,41.361104,-93.789841
2731,3104 University Ave,,Des Moines,IA,50311,41.600151,-93.659825
540,3105 Grand Prairie Parkway,,Waukee,IA,50263,41.574277,-93.852992
121,12041 Douglas Pkwy,,Urbandale,IA,50323,41.62995,-93.78322
129,5225 NW 86th St,,Johnston,IA,50131,41.65582,-93.73577
608,1001 Sanborn Ave,,Okoboji,IA,51355,43.381985,-95.129036
978,18 Market St,,Eagle,CO,81631,39.661336,-106.828342
1568,1395 GW Lane,,Waynesville,MO,65583,37.80793,-92.22345
579,165 SW Magazine Rd,,Ankeny,IA,50023,41.716958,-93.601511
535,4960 E Broadway Avenue,,Des Moines,IA,50317,41.64476,-93.51507
1458,638 E US Highway 60,,Republic,MO,65738,37.119284,-93.469503
492,870 E US Highway 60,,Monett,MO,65708,36.91422,-93.90583
433,2565 S Springfield Ave,,Bolivar,MO,65613,37.59022,-93.401184
706,901 W. Jackson St.,,Ozark,MO,65721,37.02609,-93.21158
211,1976 Franklin St,,Waterloo,IA,50703,42.49522,-92.31525
564,1212 8th Ave N,,Humboldt,IA,50548,42.729748,-94.22662
467,2963 E Division St,,Springfield,MO,65803,37.22481,-93.23469
513,420 Sherman Ave,,Ackley,IA,50601,42.55659,-93.056496
338,771 33rd Avenue,,Columbus,NE,68601,41.424101,-97.367877
470,1605 E Kearney St,,Springfield,MO,65803,37.240356,-93.26534
458,638 E US Highway 60,,Republic,MO,65738,37.1196,-93.46929
109,1224 N Federal Ave,,Mason City,IA,50401,43.16345,-93.20123
125,527 Park Ave,,Story City,IA,50248,42.18686,-93.59805
957,4505 Ridge Rd,,Cheyenne,WY,82001,41.15987,-104.7679
115,1115 IA Highway 141,,Perry,IA,50220,41.82986,-94.10601
371,13149 Fort St,,Omaha,NE,68164,41.306236,-96.118922
880,"Cimarron Turnpike, Exit 36",Exit 36,Lone Chimney,OK,74075,36.224774,-96.795702
248,2026 Riverside Blvd,,Sioux City,IA,51109,42.515118,-96.474396
140,6201 Colonel Glenn RD,,Little Rock,AR,72204,34.71729,-92.34365
1484,1211 W. Sunshine St.,,Springfield,MO,65807,37.1827,-93.30841
982,15139 S OK Highway 72,,Coweta,OK,74429,35.944245,-95.649802
32,1200 N. Walnut,PO Box 26,Colfax,IA,50054,41.68705,-93.24657
872,10021 S Mingo Road,,Tulsa,OK,74133,36.017935,-95.867901
1871,9610 E. 61st Street South,,Tulsa,OK,74133,36.075041,-95.869048
934,8150 6th St,,Wellington,CO,80549,40.70301,-104.999985
615,32562 477th Ave,,Elk Point,SD,57025,42.669439,-96.664696
431,5505 S State Highway FF,,Battlefield,MO,65619,37.11437,-93.37104
385,2720 Alma Hwy,,Van Buren,AR,72956,35.440797,-94.329589
834,11115 S Memorial,,Bixby,OK,74008,36.0025,-95.8861
229,1821 Hamilton Blvd,,Sioux City,IA,51103,42.510365,-96.416985
456,656 N Jefferson Ave,,Lebanon,MO,65536,37.685825,-92.6702
473,620 N National Ave,,Springfield,MO,65804,37.214287,-93.275407
1455,501 Cowan Dr,,Lebanon,MO,65536,37.681707,-92.637887
556,1550 N Glenstone Ave,,Springfield,MO,65803,37.226807,-93.26061
1837,24055 E. Highway 51,,Broken Arrow,OK,74014,36.019195,-95.707831
